[2026-09-06 17:38:44] === ctx matrix start (targets=['blaine', 'residue'], ctx=[24, 73, 128, 168, 256, 384, 512, 768, 1024, 1280, 1536], methods=zeroshot/lora/full, steps=1000) ===
[2026-09-06 17:38:44] START backtest blaine zeroshot ctx24
  cmd: C:\Users\lhgdr\Desktop\Kitech\Cement\Cement_code_fin\.venv\Scripts\python.exe eval/backtest.py --target blaine --checkpoint amazon/chronos-2 --context-length 24 --stride 4 --tag ctx24_zeroshot
----- stdout tail (backtest blaine zeroshot ctx24) -----
Saved backtest results -> C:\Users\lhgdr\Desktop\Kitech\Cement\Cement_code_fin\eval\backtest_blaine_ctx24_zeroshot.csv

=== blaine backtest (amazon/chronos-2) ===
n = 844  (fresh-reading transitions only: True)

--- Naive baseline (repeat last observed reading) ---
MAE=83.799  RMSE=119.003  R2=0.1626  spec-in/out accuracy=66.94%
            Pred IN  Pred OUT
Actual IN       263       137
Actual OUT      142       302

--- Chronos-2 ---
MAE=76.719  RMSE=104.734  R2=0.3514  spec-in/out accuracy=68.48%
            Pred IN  Pred OUT
Actual IN       260       140
Actual OUT      126       318

normalized skill score (per-station model_MAE / naive_MAE, macro-avg) = 0.9148  (beats naive)
macro-average MAE (equal per station) = 76.7105
80% interval (q0.1-q0.9) empirical coverage = 70.50% (target: 80%)
[2026-09-06 17:39:06] DONE  backtest blaine zeroshot ctx24 (0.4 min)
[2026-09-06 17:39:06] START finetune blaine lora ctx24
  cmd: C:\Users\lhgdr\Desktop\Kitech\Cement\Cement_code_fin\.venv\Scripts\python.exe train/finetune_chronos2.py --target blaine --finetune-mode lora --prediction-length 4 --context-length 24 --learning-rate 1e-5 --num-steps 1000 --batch-size 64 --output-tag ctx24_lora
----- stdout tail (finetune blaine lora ctx24) -----
{'eval_loss': '0.01328', 'eval_runtime': '0.0617', 'eval_samples_per_second': '2043', 'eval_steps_per_second': '32.44', 'epoch': '0.3'}
{'loss': '0.01398', 'grad_norm': '0.03673', 'learning_rate': '6.01e-06', 'epoch': '0.4'}
{'eval_loss': '0.01328', 'eval_runtime': '0.0596', 'eval_samples_per_second': '2114', 'eval_steps_per_second': '33.56', 'epoch': '0.4'}
{'loss': '0.01829', 'grad_norm': '0.04191', 'learning_rate': '5.01e-06', 'epoch': '0.5'}
{'eval_loss': '0.01332', 'eval_runtime': '0.08', 'eval_samples_per_second': '1575', 'eval_steps_per_second': '25', 'epoch': '0.5'}
{'loss': '0.01714', 'grad_norm': '0.03189', 'learning_rate': '4.01e-06', 'epoch': '0.6'}
{'eval_loss': '0.01327', 'eval_runtime': '0.0716', 'eval_samples_per_second': '1760', 'eval_steps_per_second': '27.94', 'epoch': '0.6'}
{'loss': '0.01315', 'grad_norm': '0.05919', 'learning_rate': '3.01e-06', 'epoch': '0.7'}
{'eval_loss': '0.01321', 'eval_runtime': '0.057', 'eval_samples_per_second': '2209', 'eval_steps_per_second': '35.06', 'epoch': '0.7'}
{'loss': '0.01644', 'grad_norm': '0.02197', 'learning_rate': '2.01e-06', 'epoch': '0.8'}
{'eval_loss': '0.01324', 'eval_runtime': '0.0577', 'eval_samples_per_second': '2183', 'eval_steps_per_second': '34.65', 'epoch': '0.8'}
{'loss': '0.01723', 'grad_norm': '0.02671', 'learning_rate': '1.01e-06', 'epoch': '0.9'}
{'eval_loss': '0.01324', 'eval_runtime': '0.0591', 'eval_samples_per_second': '2130', 'eval_steps_per_second': '33.82', 'epoch': '0.9'}
{'loss': '0.01651', 'grad_norm': '0.05599', 'learning_rate': '1e-08', 'epoch': '1'}
{'eval_loss': '0.01321', 'eval_runtime': '0.0573', 'eval_samples_per_second': '2199', 'eval_steps_per_second': '34.91', 'epoch': '1'}
{'train_runtime': '78.89', 'train_samples_per_second': '811.3', 'train_steps_per_second': '12.68', 'train_loss': '0.01619', 'epoch': '1'}
Saved fine-tuned blaine quality net -> C:\Users\lhgdr\Desktop\Kitech\Cement\Cement_code_fin\checkpoints\blaine_ctx24_lora\final
Saved loss history (10 val points) -> C:\Users\lhgdr\Desktop\Kitech\Cement\Cement_code_fin\checkpoints\blaine_ctx24_lora\loss_history.csv
  val_loss: min=0.01321 (step 700), final=0.01321 (step 1000), final-min=+0.00001 <-- val loss rose from its min: overfitting
Saved loss curve -> C:\Users\lhgdr\Desktop\Kitech\Cement\Cement_code_fin\checkpoints\blaine_ctx24_lora\loss_history.png
[2026-09-06 17:40:34] DONE  finetune blaine lora ctx24 (1.5 min)
[2026-09-06 17:40:34] START backtest blaine lora ctx24
  cmd: C:\Users\lhgdr\Desktop\Kitech\Cement\Cement_code_fin\.venv\Scripts\python.exe eval/backtest.py --target blaine --checkpoint C:\Users\lhgdr\Desktop\Kitech\Cement\Cement_code_fin\checkpoints\blaine_ctx24_lora\final --context-length 24 --stride 4 --tag ctx24_lora
----- stdout tail (backtest blaine lora ctx24) -----
Saved backtest results -> C:\Users\lhgdr\Desktop\Kitech\Cement\Cement_code_fin\eval\backtest_blaine_ctx24_lora.csv

=== blaine backtest (C:\Users\lhgdr\Desktop\Kitech\Cement\Cement_code_fin\checkpoints\blaine_ctx24_lora\final) ===
n = 844  (fresh-reading transitions only: True)

--- Naive baseline (repeat last observed reading) ---
MAE=83.799  RMSE=119.003  R2=0.1626  spec-in/out accuracy=66.94%
            Pred IN  Pred OUT
Actual IN       263       137
Actual OUT      142       302

--- Chronos-2 ---
MAE=76.694  RMSE=104.702  R2=0.3518  spec-in/out accuracy=68.25%
            Pred IN  Pred OUT
Actual IN       258       142
Actual OUT      126       318

normalized skill score (per-station model_MAE / naive_MAE, macro-avg) = 0.9144  (beats naive)
macro-average MAE (equal per station) = 76.6757
80% interval (q0.1-q0.9) empirical coverage = 70.85% (target: 80%)
[2026-09-06 17:40:57] DONE  backtest blaine lora ctx24 (0.4 min)
[2026-09-06 17:40:57] START finetune blaine full ctx24
  cmd: C:\Users\lhgdr\Desktop\Kitech\Cement\Cement_code_fin\.venv\Scripts\python.exe train/finetune_chronos2.py --target blaine --finetune-mode full --prediction-length 4 --context-length 24 --learning-rate 1e-6 --num-steps 1000 --batch-size 64 --output-tag ctx24
----- stdout tail (finetune blaine full ctx24) -----
{'eval_loss': '0.01198', 'eval_runtime': '0.038', 'eval_samples_per_second': '3317', 'eval_steps_per_second': '52.65', 'epoch': '0.3'}
{'loss': '0.01394', 'grad_norm': '0.5835', 'learning_rate': '6.01e-07', 'epoch': '0.4'}
{'eval_loss': '0.01207', 'eval_runtime': '0.0498', 'eval_samples_per_second': '2529', 'eval_steps_per_second': '40.14', 'epoch': '0.4'}
{'loss': '0.01806', 'grad_norm': '0.6952', 'learning_rate': '5.01e-07', 'epoch': '0.5'}
{'eval_loss': '0.01191', 'eval_runtime': '0.0412', 'eval_samples_per_second': '3059', 'eval_steps_per_second': '48.55', 'epoch': '0.5'}
{'loss': '0.017', 'grad_norm': '0.5128', 'learning_rate': '4.01e-07', 'epoch': '0.6'}
{'eval_loss': '0.01177', 'eval_runtime': '0.0392', 'eval_samples_per_second': '3216', 'eval_steps_per_second': '51.05', 'epoch': '0.6'}
{'loss': '0.01298', 'grad_norm': '0.7202', 'learning_rate': '3.01e-07', 'epoch': '0.7'}
{'eval_loss': '0.01138', 'eval_runtime': '0.0393', 'eval_samples_per_second': '3204', 'eval_steps_per_second': '50.86', 'epoch': '0.7'}
{'loss': '0.01604', 'grad_norm': '0.4324', 'learning_rate': '2.01e-07', 'epoch': '0.8'}
{'eval_loss': '0.01162', 'eval_runtime': '0.0485', 'eval_samples_per_second': '2596', 'eval_steps_per_second': '41.21', 'epoch': '0.8'}
{'loss': '0.01711', 'grad_norm': '0.4668', 'learning_rate': '1.01e-07', 'epoch': '0.9'}
{'eval_loss': '0.01146', 'eval_runtime': '0.0387', 'eval_samples_per_second': '3252', 'eval_steps_per_second': '51.61', 'epoch': '0.9'}
{'loss': '0.01638', 'grad_norm': '0.8814', 'learning_rate': '1e-09', 'epoch': '1'}
{'eval_loss': '0.0114', 'eval_runtime': '0.0377', 'eval_samples_per_second': '3340', 'eval_steps_per_second': '53.01', 'epoch': '1'}
{'train_runtime': '63.36', 'train_samples_per_second': '1010', 'train_steps_per_second': '15.78', 'train_loss': '0.01606', 'epoch': '1'}
Saved fine-tuned blaine quality net -> C:\Users\lhgdr\Desktop\Kitech\Cement\Cement_code_fin\checkpoints\blaine_ctx24\final
Saved loss history (10 val points) -> C:\Users\lhgdr\Desktop\Kitech\Cement\Cement_code_fin\checkpoints\blaine_ctx24\loss_history.csv
  val_loss: min=0.01138 (step 700), final=0.01140 (step 1000), final-min=+0.00002 <-- val loss rose from its min: overfitting
Saved loss curve -> C:\Users\lhgdr\Desktop\Kitech\Cement\Cement_code_fin\checkpoints\blaine_ctx24\loss_history.png
[2026-09-06 17:42:09] DONE  finetune blaine full ctx24 (1.2 min)
[2026-09-06 17:42:09] START backtest blaine full ctx24
  cmd: C:\Users\lhgdr\Desktop\Kitech\Cement\Cement_code_fin\.venv\Scripts\python.exe eval/backtest.py --target blaine --checkpoint C:\Users\lhgdr\Desktop\Kitech\Cement\Cement_code_fin\checkpoints\blaine_ctx24\final --context-length 24 --stride 4 --tag ctx24_full
----- stdout tail (backtest blaine full ctx24) -----
Saved backtest results -> C:\Users\lhgdr\Desktop\Kitech\Cement\Cement_code_fin\eval\backtest_blaine_ctx24_full.csv

=== blaine backtest (C:\Users\lhgdr\Desktop\Kitech\Cement\Cement_code_fin\checkpoints\blaine_ctx24\final) ===
n = 844  (fresh-reading transitions only: True)

--- Naive baseline (repeat last observed reading) ---
MAE=83.799  RMSE=119.003  R2=0.1626  spec-in/out accuracy=66.94%
            Pred IN  Pred OUT
Actual IN       263       137
Actual OUT      142       302

--- Chronos-2 ---
MAE=76.812  RMSE=104.689  R2=0.3519  spec-in/out accuracy=69.19%
            Pred IN  Pred OUT
Actual IN       269       131
Actual OUT      129       315

normalized skill score (per-station model_MAE / naive_MAE, macro-avg) = 0.9151  (beats naive)
macro-average MAE (equal per station) = 76.7517
80% interval (q0.1-q0.9) empirical coverage = 69.91% (target: 80%)
[2026-09-06 17:42:30] DONE  backtest blaine full ctx24 (0.3 min)
[2026-09-06 17:42:30] START backtest residue zeroshot ctx24
  cmd: C:\Users\lhgdr\Desktop\Kitech\Cement\Cement_code_fin\.venv\Scripts\python.exe eval/backtest.py --target residue --checkpoint amazon/chronos-2 --context-length 24 --stride 4 --tag ctx24_zeroshot
----- stdout tail (backtest residue zeroshot ctx24) -----
Saved backtest results -> C:\Users\lhgdr\Desktop\Kitech\Cement\Cement_code_fin\eval\backtest_residue_ctx24_zeroshot.csv

=== residue backtest (amazon/chronos-2) ===
n = 847  (fresh-reading transitions only: True)

--- Naive baseline (repeat last observed reading) ---
MAE=0.566  RMSE=1.048  R2=0.5776  spec-in/out accuracy=78.87%
            Pred IN  Pred OUT
Actual IN       315        98
Actual OUT       81       353

--- Chronos-2 ---
MAE=0.504  RMSE=0.861  R2=0.7147  spec-in/out accuracy=80.87%
            Pred IN  Pred OUT
Actual IN       318        95
Actual OUT       67       367

normalized skill score (per-station model_MAE / naive_MAE, macro-avg) = 0.8924  (beats naive)
macro-average MAE (equal per station) = 0.5037
80% interval (q0.1-q0.9) empirical coverage = 73.44% (target: 80%)
[2026-09-06 17:42:52] DONE  backtest residue zeroshot ctx24 (0.4 min)
[2026-09-06 17:42:52] START finetune residue lora ctx24
  cmd: C:\Users\lhgdr\Desktop\Kitech\Cement\Cement_code_fin\.venv\Scripts\python.exe train/finetune_chronos2.py --target residue --finetune-mode lora --prediction-length 4 --context-length 24 --learning-rate 1e-5 --num-steps 1000 --batch-size 64 --output-tag ctx24_lora
----- stdout tail (finetune residue lora ctx24) -----
{'eval_loss': '0.02246', 'eval_runtime': '0.0564', 'eval_samples_per_second': '2233', 'eval_steps_per_second': '35.44', 'epoch': '0.3'}
{'loss': '0.01212', 'grad_norm': '0.03331', 'learning_rate': '6.01e-06', 'epoch': '0.4'}
{'eval_loss': '0.02254', 'eval_runtime': '0.056', 'eval_samples_per_second': '2248', 'eval_steps_per_second': '35.69', 'epoch': '0.4'}
{'loss': '0.01773', 'grad_norm': '0.03227', 'learning_rate': '5.01e-06', 'epoch': '0.5'}
{'eval_loss': '0.02248', 'eval_runtime': '0.0572', 'eval_samples_per_second': '2202', 'eval_steps_per_second': '34.95', 'epoch': '0.5'}
{'loss': '0.01635', 'grad_norm': '0.01933', 'learning_rate': '4.01e-06', 'epoch': '0.6'}
{'eval_loss': '0.02245', 'eval_runtime': '0.066', 'eval_samples_per_second': '1910', 'eval_steps_per_second': '30.31', 'epoch': '0.6'}
{'loss': '0.015', 'grad_norm': '0.06942', 'learning_rate': '3.01e-06', 'epoch': '0.7'}
{'eval_loss': '0.02244', 'eval_runtime': '0.0592', 'eval_samples_per_second': '2128', 'eval_steps_per_second': '33.77', 'epoch': '0.7'}
{'loss': '0.01392', 'grad_norm': '0.03287', 'learning_rate': '2.01e-06', 'epoch': '0.8'}
{'eval_loss': '0.02243', 'eval_runtime': '0.0619', 'eval_samples_per_second': '2037', 'eval_steps_per_second': '32.34', 'epoch': '0.8'}
{'loss': '0.01427', 'grad_norm': '0.02579', 'learning_rate': '1.01e-06', 'epoch': '0.9'}
{'eval_loss': '0.02244', 'eval_runtime': '0.0712', 'eval_samples_per_second': '1769', 'eval_steps_per_second': '28.08', 'epoch': '0.9'}
{'loss': '0.01343', 'grad_norm': '0.04971', 'learning_rate': '1e-08', 'epoch': '1'}
{'eval_loss': '0.02243', 'eval_runtime': '0.0674', 'eval_samples_per_second': '1870', 'eval_steps_per_second': '29.68', 'epoch': '1'}
{'train_runtime': '78.54', 'train_samples_per_second': '814.9', 'train_steps_per_second': '12.73', 'train_loss': '0.01471', 'epoch': '1'}
Saved fine-tuned residue quality net -> C:\Users\lhgdr\Desktop\Kitech\Cement\Cement_code_fin\checkpoints\residue_ctx24_lora\final
Saved loss history (10 val points) -> C:\Users\lhgdr\Desktop\Kitech\Cement\Cement_code_fin\checkpoints\residue_ctx24_lora\loss_history.csv
  val_loss: min=0.02243 (step 800), final=0.02243 (step 1000), final-min=+0.00000 <-- val loss rose from its min: overfitting
Saved loss curve -> C:\Users\lhgdr\Desktop\Kitech\Cement\Cement_code_fin\checkpoints\residue_ctx24_lora\loss_history.png
[2026-09-06 17:44:19] DONE  finetune residue lora ctx24 (1.5 min)
[2026-09-06 17:44:19] START backtest residue lora ctx24
  cmd: C:\Users\lhgdr\Desktop\Kitech\Cement\Cement_code_fin\.venv\Scripts\python.exe eval/backtest.py --target residue --checkpoint C:\Users\lhgdr\Desktop\Kitech\Cement\Cement_code_fin\checkpoints\residue_ctx24_lora\final --context-length 24 --stride 4 --tag ctx24_lora
----- stdout tail (backtest residue lora ctx24) -----
Saved backtest results -> C:\Users\lhgdr\Desktop\Kitech\Cement\Cement_code_fin\eval\backtest_residue_ctx24_lora.csv

=== residue backtest (C:\Users\lhgdr\Desktop\Kitech\Cement\Cement_code_fin\checkpoints\residue_ctx24_lora\final) ===
n = 847  (fresh-reading transitions only: True)

--- Naive baseline (repeat last observed reading) ---
MAE=0.566  RMSE=1.048  R2=0.5776  spec-in/out accuracy=78.87%
            Pred IN  Pred OUT
Actual IN       315        98
Actual OUT       81       353

--- Chronos-2 ---
MAE=0.500  RMSE=0.849  R2=0.7228  spec-in/out accuracy=80.76%
            Pred IN  Pred OUT
Actual IN       320        93
Actual OUT       70       364

normalized skill score (per-station model_MAE / naive_MAE, macro-avg) = 0.8864  (beats naive)
macro-average MAE (equal per station) = 0.5003
80% interval (q0.1-q0.9) empirical coverage = 75.09% (target: 80%)
[2026-09-06 17:44:42] DONE  backtest residue lora ctx24 (0.4 min)
[2026-09-06 17:44:42] START finetune residue full ctx24
  cmd: C:\Users\lhgdr\Desktop\Kitech\Cement\Cement_code_fin\.venv\Scripts\python.exe train/finetune_chronos2.py --target residue --finetune-mode full --prediction-length 4 --context-length 24 --learning-rate 1e-6 --num-steps 1000 --batch-size 64 --output-tag ctx24
----- stdout tail (finetune residue full ctx24) -----
{'eval_loss': '0.0215', 'eval_runtime': '0.0491', 'eval_samples_per_second': '2564', 'eval_steps_per_second': '40.7', 'epoch': '0.3'}
{'loss': '0.01224', 'grad_norm': '0.4849', 'learning_rate': '6.01e-07', 'epoch': '0.4'}
{'eval_loss': '0.02308', 'eval_runtime': '0.0443', 'eval_samples_per_second': '2845', 'eval_steps_per_second': '45.16', 'epoch': '0.4'}
{'loss': '0.0177', 'grad_norm': '0.4462', 'learning_rate': '5.01e-07', 'epoch': '0.5'}
{'eval_loss': '0.02232', 'eval_runtime': '0.047', 'eval_samples_per_second': '2683', 'eval_steps_per_second': '42.58', 'epoch': '0.5'}
{'loss': '0.01602', 'grad_norm': '0.2438', 'learning_rate': '4.01e-07', 'epoch': '0.6'}
{'eval_loss': '0.02232', 'eval_runtime': '0.0378', 'eval_samples_per_second': '3332', 'eval_steps_per_second': '52.89', 'epoch': '0.6'}
{'loss': '0.01465', 'grad_norm': '0.8022', 'learning_rate': '3.01e-07', 'epoch': '0.7'}
{'eval_loss': '0.02223', 'eval_runtime': '0.0362', 'eval_samples_per_second': '3482', 'eval_steps_per_second': '55.27', 'epoch': '0.7'}
{'loss': '0.01345', 'grad_norm': '0.5521', 'learning_rate': '2.01e-07', 'epoch': '0.8'}
{'eval_loss': '0.02224', 'eval_runtime': '0.0378', 'eval_samples_per_second': '3336', 'eval_steps_per_second': '52.96', 'epoch': '0.8'}
{'loss': '0.01398', 'grad_norm': '0.2809', 'learning_rate': '1.01e-07', 'epoch': '0.9'}
{'eval_loss': '0.02233', 'eval_runtime': '0.0363', 'eval_samples_per_second': '3467', 'eval_steps_per_second': '55.04', 'epoch': '0.9'}
{'loss': '0.01299', 'grad_norm': '0.7777', 'learning_rate': '1e-09', 'epoch': '1'}
{'eval_loss': '0.02228', 'eval_runtime': '0.0368', 'eval_samples_per_second': '3426', 'eval_steps_per_second': '54.38', 'epoch': '1'}
{'train_runtime': '62.96', 'train_samples_per_second': '1016', 'train_steps_per_second': '15.88', 'train_loss': '0.01448', 'epoch': '1'}
Saved fine-tuned residue quality net -> C:\Users\lhgdr\Desktop\Kitech\Cement\Cement_code_fin\checkpoints\residue_ctx24\final
Saved loss history (10 val points) -> C:\Users\lhgdr\Desktop\Kitech\Cement\Cement_code_fin\checkpoints\residue_ctx24\loss_history.csv
  val_loss: min=0.02150 (step 300), final=0.02228 (step 1000), final-min=+0.00078 <-- val loss rose from its min: overfitting
Saved loss curve -> C:\Users\lhgdr\Desktop\Kitech\Cement\Cement_code_fin\checkpoints\residue_ctx24\loss_history.png
[2026-09-06 17:45:54] DONE  finetune residue full ctx24 (1.2 min)
[2026-09-06 17:45:54] START backtest residue full ctx24
  cmd: C:\Users\lhgdr\Desktop\Kitech\Cement\Cement_code_fin\.venv\Scripts\python.exe eval/backtest.py --target residue --checkpoint C:\Users\lhgdr\Desktop\Kitech\Cement\Cement_code_fin\checkpoints\residue_ctx24\final --context-length 24 --stride 4 --tag ctx24_full
----- stdout tail (backtest residue full ctx24) -----
Saved backtest results -> C:\Users\lhgdr\Desktop\Kitech\Cement\Cement_code_fin\eval\backtest_residue_ctx24_full.csv

=== residue backtest (C:\Users\lhgdr\Desktop\Kitech\Cement\Cement_code_fin\checkpoints\residue_ctx24\final) ===
n = 847  (fresh-reading transitions only: True)

--- Naive baseline (repeat last observed reading) ---
MAE=0.566  RMSE=1.048  R2=0.5776  spec-in/out accuracy=78.87%
            Pred IN  Pred OUT
Actual IN       315        98
Actual OUT       81       353

--- Chronos-2 ---
MAE=0.497  RMSE=0.826  R2=0.7377  spec-in/out accuracy=81.82%
            Pred IN  Pred OUT
Actual IN       325        88
Actual OUT       66       368

normalized skill score (per-station model_MAE / naive_MAE, macro-avg) = 0.8786  (beats naive)
macro-average MAE (equal per station) = 0.4965
80% interval (q0.1-q0.9) empirical coverage = 70.13% (target: 80%)
[2026-09-06 17:46:14] DONE  backtest residue full ctx24 (0.3 min)
[2026-09-06 17:46:14] START backtest blaine zeroshot ctx73
  cmd: C:\Users\lhgdr\Desktop\Kitech\Cement\Cement_code_fin\.venv\Scripts\python.exe eval/backtest.py --target blaine --checkpoint amazon/chronos-2 --context-length 73 --stride 4 --tag ctx73_zeroshot
----- stdout tail (backtest blaine zeroshot ctx73) -----
Saved backtest results -> C:\Users\lhgdr\Desktop\Kitech\Cement\Cement_code_fin\eval\backtest_blaine_ctx73_zeroshot.csv

=== blaine backtest (amazon/chronos-2) ===
n = 850  (fresh-reading transitions only: True)

--- Naive baseline (repeat last observed reading) ---
MAE=83.760  RMSE=118.892  R2=0.1635  spec-in/out accuracy=67.06%
            Pred IN  Pred OUT
Actual IN       265       138
Actual OUT      142       305

--- Chronos-2 ---
MAE=74.377  RMSE=100.686  R2=0.4000  spec-in/out accuracy=69.53%
            Pred IN  Pred OUT
Actual IN       275       128
Actual OUT      131       316

normalized skill score (per-station model_MAE / naive_MAE, macro-avg) = 0.8873  (beats naive)
macro-average MAE (equal per station) = 74.2986
80% interval (q0.1-q0.9) empirical coverage = 69.18% (target: 80%)
[2026-09-06 17:46:39] DONE  backtest blaine zeroshot ctx73 (0.4 min)
[2026-09-06 17:46:39] START finetune blaine lora ctx73
  cmd: C:\Users\lhgdr\Desktop\Kitech\Cement\Cement_code_fin\.venv\Scripts\python.exe train/finetune_chronos2.py --target blaine --finetune-mode lora --prediction-length 4 --context-length 73 --learning-rate 1e-5 --num-steps 1000 --batch-size 64 --output-tag ctx73_lora
----- stdout tail (finetune blaine lora ctx73) -----
{'eval_loss': '0.008016', 'eval_runtime': '0.0631', 'eval_samples_per_second': '1996', 'eval_steps_per_second': '31.69', 'epoch': '0.3'}
{'loss': '0.00999', 'grad_norm': '0.04924', 'learning_rate': '6.01e-06', 'epoch': '0.4'}
{'eval_loss': '0.008044', 'eval_runtime': '0.0612', 'eval_samples_per_second': '2057', 'eval_steps_per_second': '32.66', 'epoch': '0.4'}
{'loss': '0.01257', 'grad_norm': '0.07239', 'learning_rate': '5.01e-06', 'epoch': '0.5'}
{'eval_loss': '0.008092', 'eval_runtime': '0.0552', 'eval_samples_per_second': '2281', 'eval_steps_per_second': '36.21', 'epoch': '0.5'}
{'loss': '0.0128', 'grad_norm': '0.03732', 'learning_rate': '4.01e-06', 'epoch': '0.6'}
{'eval_loss': '0.008124', 'eval_runtime': '0.0562', 'eval_samples_per_second': '2244', 'eval_steps_per_second': '35.62', 'epoch': '0.6'}
{'loss': '0.009395', 'grad_norm': '0.08507', 'learning_rate': '3.01e-06', 'epoch': '0.7'}
{'eval_loss': '0.008077', 'eval_runtime': '0.0592', 'eval_samples_per_second': '2127', 'eval_steps_per_second': '33.76', 'epoch': '0.7'}
{'loss': '0.01034', 'grad_norm': '0.02894', 'learning_rate': '2.01e-06', 'epoch': '0.8'}
{'eval_loss': '0.008067', 'eval_runtime': '0.0596', 'eval_samples_per_second': '2113', 'eval_steps_per_second': '33.54', 'epoch': '0.8'}
{'loss': '0.01145', 'grad_norm': '0.0236', 'learning_rate': '1.01e-06', 'epoch': '0.9'}
{'eval_loss': '0.00805', 'eval_runtime': '0.0607', 'eval_samples_per_second': '2076', 'eval_steps_per_second': '32.95', 'epoch': '0.9'}
{'loss': '0.01065', 'grad_norm': '0.04901', 'learning_rate': '1e-08', 'epoch': '1'}
{'eval_loss': '0.008049', 'eval_runtime': '0.0677', 'eval_samples_per_second': '1861', 'eval_steps_per_second': '29.55', 'epoch': '1'}
{'train_runtime': '78.95', 'train_samples_per_second': '810.6', 'train_steps_per_second': '12.67', 'train_loss': '0.01085', 'epoch': '1'}
Saved fine-tuned blaine quality net -> C:\Users\lhgdr\Desktop\Kitech\Cement\Cement_code_fin\checkpoints\blaine_ctx73_lora\final
Saved loss history (10 val points) -> C:\Users\lhgdr\Desktop\Kitech\Cement\Cement_code_fin\checkpoints\blaine_ctx73_lora\loss_history.csv
  val_loss: min=0.00800 (step 100), final=0.00805 (step 1000), final-min=+0.00005 <-- val loss rose from its min: overfitting
Saved loss curve -> C:\Users\lhgdr\Desktop\Kitech\Cement\Cement_code_fin\checkpoints\blaine_ctx73_lora\loss_history.png
[2026-09-06 17:48:07] DONE  finetune blaine lora ctx73 (1.5 min)
[2026-09-06 17:48:07] START backtest blaine lora ctx73
  cmd: C:\Users\lhgdr\Desktop\Kitech\Cement\Cement_code_fin\.venv\Scripts\python.exe eval/backtest.py --target blaine --checkpoint C:\Users\lhgdr\Desktop\Kitech\Cement\Cement_code_fin\checkpoints\blaine_ctx73_lora\final --context-length 73 --stride 4 --tag ctx73_lora
----- stdout tail (backtest blaine lora ctx73) -----
Saved backtest results -> C:\Users\lhgdr\Desktop\Kitech\Cement\Cement_code_fin\eval\backtest_blaine_ctx73_lora.csv

=== blaine backtest (C:\Users\lhgdr\Desktop\Kitech\Cement\Cement_code_fin\checkpoints\blaine_ctx73_lora\final) ===
n = 850  (fresh-reading transitions only: True)

--- Naive baseline (repeat last observed reading) ---
MAE=83.760  RMSE=118.892  R2=0.1635  spec-in/out accuracy=67.06%
            Pred IN  Pred OUT
Actual IN       265       138
Actual OUT      142       305

--- Chronos-2 ---
MAE=73.899  RMSE=100.233  R2=0.4054  spec-in/out accuracy=69.29%
            Pred IN  Pred OUT
Actual IN       272       131
Actual OUT      130       317

normalized skill score (per-station model_MAE / naive_MAE, macro-avg) = 0.8818  (beats naive)
macro-average MAE (equal per station) = 73.8160
80% interval (q0.1-q0.9) empirical coverage = 69.06% (target: 80%)
[2026-09-06 17:48:34] DONE  backtest blaine lora ctx73 (0.4 min)
[2026-09-06 17:48:34] START finetune blaine full ctx73
  cmd: C:\Users\lhgdr\Desktop\Kitech\Cement\Cement_code_fin\.venv\Scripts\python.exe train/finetune_chronos2.py --target blaine --finetune-mode full --prediction-length 4 --context-length 73 --learning-rate 1e-6 --num-steps 1000 --batch-size 64 --output-tag ctx73
----- stdout tail (finetune blaine full ctx73) -----
{'eval_loss': '0.007354', 'eval_runtime': '0.0442', 'eval_samples_per_second': '2852', 'eval_steps_per_second': '45.27', 'epoch': '0.3'}
{'loss': '0.009855', 'grad_norm': '0.5431', 'learning_rate': '6.01e-07', 'epoch': '0.4'}
{'eval_loss': '0.007536', 'eval_runtime': '0.045', 'eval_samples_per_second': '2800', 'eval_steps_per_second': '44.44', 'epoch': '0.4'}
{'loss': '0.01224', 'grad_norm': '0.811', 'learning_rate': '5.01e-07', 'epoch': '0.5'}
{'eval_loss': '0.007299', 'eval_runtime': '0.0382', 'eval_samples_per_second': '3298', 'eval_steps_per_second': '52.34', 'epoch': '0.5'}
{'loss': '0.01265', 'grad_norm': '0.5091', 'learning_rate': '4.01e-07', 'epoch': '0.6'}
{'eval_loss': '0.007489', 'eval_runtime': '0.042', 'eval_samples_per_second': '3003', 'eval_steps_per_second': '47.67', 'epoch': '0.6'}
{'loss': '0.009171', 'grad_norm': '0.8415', 'learning_rate': '3.01e-07', 'epoch': '0.7'}
{'eval_loss': '0.007292', 'eval_runtime': '0.0426', 'eval_samples_per_second': '2959', 'eval_steps_per_second': '46.97', 'epoch': '0.7'}
{'loss': '0.009952', 'grad_norm': '0.2403', 'learning_rate': '2.01e-07', 'epoch': '0.8'}
{'eval_loss': '0.007442', 'eval_runtime': '0.0447', 'eval_samples_per_second': '2817', 'eval_steps_per_second': '44.71', 'epoch': '0.8'}
{'loss': '0.01104', 'grad_norm': '0.2712', 'learning_rate': '1.01e-07', 'epoch': '0.9'}
{'eval_loss': '0.007414', 'eval_runtime': '0.041', 'eval_samples_per_second': '3073', 'eval_steps_per_second': '48.77', 'epoch': '0.9'}
{'loss': '0.01039', 'grad_norm': '0.7169', 'learning_rate': '1e-09', 'epoch': '1'}
{'eval_loss': '0.007428', 'eval_runtime': '0.039', 'eval_samples_per_second': '3229', 'eval_steps_per_second': '51.26', 'epoch': '1'}
{'train_runtime': '64.81', 'train_samples_per_second': '987.5', 'train_steps_per_second': '15.43', 'train_loss': '0.01064', 'epoch': '1'}
Saved fine-tuned blaine quality net -> C:\Users\lhgdr\Desktop\Kitech\Cement\Cement_code_fin\checkpoints\blaine_ctx73\final
Saved loss history (10 val points) -> C:\Users\lhgdr\Desktop\Kitech\Cement\Cement_code_fin\checkpoints\blaine_ctx73\loss_history.csv
  val_loss: min=0.00729 (step 700), final=0.00743 (step 1000), final-min=+0.00014 <-- val loss rose from its min: overfitting
Saved loss curve -> C:\Users\lhgdr\Desktop\Kitech\Cement\Cement_code_fin\checkpoints\blaine_ctx73\loss_history.png
[2026-09-06 17:49:47] DONE  finetune blaine full ctx73 (1.2 min)
[2026-09-06 17:49:47] START backtest blaine full ctx73
  cmd: C:\Users\lhgdr\Desktop\Kitech\Cement\Cement_code_fin\.venv\Scripts\python.exe eval/backtest.py --target blaine --checkpoint C:\Users\lhgdr\Desktop\Kitech\Cement\Cement_code_fin\checkpoints\blaine_ctx73\final --context-length 73 --stride 4 --tag ctx73_full
----- stdout tail (backtest blaine full ctx73) -----
Saved backtest results -> C:\Users\lhgdr\Desktop\Kitech\Cement\Cement_code_fin\eval\backtest_blaine_ctx73_full.csv

=== blaine backtest (C:\Users\lhgdr\Desktop\Kitech\Cement\Cement_code_fin\checkpoints\blaine_ctx73\final) ===
n = 850  (fresh-reading transitions only: True)

--- Naive baseline (repeat last observed reading) ---
MAE=83.760  RMSE=118.892  R2=0.1635  spec-in/out accuracy=67.06%
            Pred IN  Pred OUT
Actual IN       265       138
Actual OUT      142       305

--- Chronos-2 ---
MAE=71.788  RMSE=97.281  R2=0.4399  spec-in/out accuracy=70.12%
            Pred IN  Pred OUT
Actual IN       281       122
Actual OUT      132       315

normalized skill score (per-station model_MAE / naive_MAE, macro-avg) = 0.8570  (beats naive)
macro-average MAE (equal per station) = 71.7200
80% interval (q0.1-q0.9) empirical coverage = 74.12% (target: 80%)
[2026-09-06 17:50:10] DONE  backtest blaine full ctx73 (0.4 min)
[2026-09-06 17:50:10] START backtest residue zeroshot ctx73
  cmd: C:\Users\lhgdr\Desktop\Kitech\Cement\Cement_code_fin\.venv\Scripts\python.exe eval/backtest.py --target residue --checkpoint amazon/chronos-2 --context-length 73 --stride 4 --tag ctx73_zeroshot
----- stdout tail (backtest residue zeroshot ctx73) -----
Saved backtest results -> C:\Users\lhgdr\Desktop\Kitech\Cement\Cement_code_fin\eval\backtest_residue_ctx73_zeroshot.csv

=== residue backtest (amazon/chronos-2) ===
n = 855  (fresh-reading transitions only: True)

--- Naive baseline (repeat last observed reading) ---
MAE=0.568  RMSE=1.046  R2=0.5784  spec-in/out accuracy=78.60%
            Pred IN  Pred OUT
Actual IN       316       100
Actual OUT       83       356

--- Chronos-2 ---
MAE=0.487  RMSE=0.826  R2=0.7367  spec-in/out accuracy=81.52%
            Pred IN  Pred OUT
Actual IN       332        84
Actual OUT       74       365

normalized skill score (per-station model_MAE / naive_MAE, macro-avg) = 0.8607  (beats naive)
macro-average MAE (equal per station) = 0.4874
80% interval (q0.1-q0.9) empirical coverage = 67.49% (target: 80%)
[2026-09-06 17:50:35] DONE  backtest residue zeroshot ctx73 (0.4 min)
[2026-09-06 17:50:35] START finetune residue lora ctx73
  cmd: C:\Users\lhgdr\Desktop\Kitech\Cement\Cement_code_fin\.venv\Scripts\python.exe train/finetune_chronos2.py --target residue --finetune-mode lora --prediction-length 4 --context-length 73 --learning-rate 1e-5 --num-steps 1000 --batch-size 64 --output-tag ctx73_lora
----- stdout tail (finetune residue lora ctx73) -----
{'eval_loss': '0.02352', 'eval_runtime': '0.056', 'eval_samples_per_second': '2250', 'eval_steps_per_second': '35.71', 'epoch': '0.3'}
{'loss': '0.00898', 'grad_norm': '0.04004', 'learning_rate': '6.01e-06', 'epoch': '0.4'}
{'eval_loss': '0.02353', 'eval_runtime': '0.0617', 'eval_samples_per_second': '2042', 'eval_steps_per_second': '32.41', 'epoch': '0.4'}
{'loss': '0.01208', 'grad_norm': '0.03857', 'learning_rate': '5.01e-06', 'epoch': '0.5'}
{'eval_loss': '0.02359', 'eval_runtime': '0.071', 'eval_samples_per_second': '1773', 'eval_steps_per_second': '28.15', 'epoch': '0.5'}
{'loss': '0.01117', 'grad_norm': '0.03049', 'learning_rate': '4.01e-06', 'epoch': '0.6'}
{'eval_loss': '0.02362', 'eval_runtime': '0.0597', 'eval_samples_per_second': '2110', 'eval_steps_per_second': '33.49', 'epoch': '0.6'}
{'loss': '0.01123', 'grad_norm': '0.07493', 'learning_rate': '3.01e-06', 'epoch': '0.7'}
{'eval_loss': '0.02353', 'eval_runtime': '0.0668', 'eval_samples_per_second': '1887', 'eval_steps_per_second': '29.96', 'epoch': '0.7'}
{'loss': '0.01021', 'grad_norm': '0.05923', 'learning_rate': '2.01e-06', 'epoch': '0.8'}
{'eval_loss': '0.02352', 'eval_runtime': '0.0574', 'eval_samples_per_second': '2197', 'eval_steps_per_second': '34.87', 'epoch': '0.8'}
{'loss': '0.01092', 'grad_norm': '0.02733', 'learning_rate': '1.01e-06', 'epoch': '0.9'}
{'eval_loss': '0.0235', 'eval_runtime': '0.0623', 'eval_samples_per_second': '2023', 'eval_steps_per_second': '32.11', 'epoch': '0.9'}
{'loss': '0.0101', 'grad_norm': '0.05734', 'learning_rate': '1e-08', 'epoch': '1'}
{'eval_loss': '0.02349', 'eval_runtime': '0.0592', 'eval_samples_per_second': '2127', 'eval_steps_per_second': '33.76', 'epoch': '1'}
{'train_runtime': '79.3', 'train_samples_per_second': '807.1', 'train_steps_per_second': '12.61', 'train_loss': '0.01083', 'epoch': '1'}
Saved fine-tuned residue quality net -> C:\Users\lhgdr\Desktop\Kitech\Cement\Cement_code_fin\checkpoints\residue_ctx73_lora\final
Saved loss history (10 val points) -> C:\Users\lhgdr\Desktop\Kitech\Cement\Cement_code_fin\checkpoints\residue_ctx73_lora\loss_history.csv
  val_loss: min=0.02349 (step 1000), final=0.02349 (step 1000), final-min=+0.00000
Saved loss curve -> C:\Users\lhgdr\Desktop\Kitech\Cement\Cement_code_fin\checkpoints\residue_ctx73_lora\loss_history.png
[2026-09-06 17:52:03] DONE  finetune residue lora ctx73 (1.5 min)
[2026-09-06 17:52:03] START backtest residue lora ctx73
  cmd: C:\Users\lhgdr\Desktop\Kitech\Cement\Cement_code_fin\.venv\Scripts\python.exe eval/backtest.py --target residue --checkpoint C:\Users\lhgdr\Desktop\Kitech\Cement\Cement_code_fin\checkpoints\residue_ctx73_lora\final --context-length 73 --stride 4 --tag ctx73_lora
----- stdout tail (backtest residue lora ctx73) -----
Saved backtest results -> C:\Users\lhgdr\Desktop\Kitech\Cement\Cement_code_fin\eval\backtest_residue_ctx73_lora.csv

=== residue backtest (C:\Users\lhgdr\Desktop\Kitech\Cement\Cement_code_fin\checkpoints\residue_ctx73_lora\final) ===
n = 855  (fresh-reading transitions only: True)

--- Naive baseline (repeat last observed reading) ---
MAE=0.568  RMSE=1.046  R2=0.5784  spec-in/out accuracy=78.60%
            Pred IN  Pred OUT
Actual IN       316       100
Actual OUT       83       356

--- Chronos-2 ---
MAE=0.484  RMSE=0.819  R2=0.7415  spec-in/out accuracy=81.52%
            Pred IN  Pred OUT
Actual IN       334        82
Actual OUT       76       363

normalized skill score (per-station model_MAE / naive_MAE, macro-avg) = 0.8554  (beats naive)
macro-average MAE (equal per station) = 0.4845
80% interval (q0.1-q0.9) empirical coverage = 69.82% (target: 80%)
[2026-09-06 17:52:30] DONE  backtest residue lora ctx73 (0.4 min)
[2026-09-06 17:52:30] START finetune residue full ctx73
  cmd: C:\Users\lhgdr\Desktop\Kitech\Cement\Cement_code_fin\.venv\Scripts\python.exe train/finetune_chronos2.py --target residue --finetune-mode full --prediction-length 4 --context-length 73 --learning-rate 1e-6 --num-steps 1000 --batch-size 64 --output-tag ctx73
----- stdout tail (finetune residue full ctx73) -----
{'eval_loss': '0.02272', 'eval_runtime': '0.0393', 'eval_samples_per_second': '3206', 'eval_steps_per_second': '50.89', 'epoch': '0.3'}
{'loss': '0.009081', 'grad_norm': '0.4923', 'learning_rate': '6.01e-07', 'epoch': '0.4'}
{'eval_loss': '0.02359', 'eval_runtime': '0.0392', 'eval_samples_per_second': '3212', 'eval_steps_per_second': '50.98', 'epoch': '0.4'}
{'loss': '0.01184', 'grad_norm': '0.3758', 'learning_rate': '5.01e-07', 'epoch': '0.5'}
{'eval_loss': '0.0235', 'eval_runtime': '0.0363', 'eval_samples_per_second': '3471', 'eval_steps_per_second': '55.09', 'epoch': '0.5'}
{'loss': '0.01084', 'grad_norm': '0.3136', 'learning_rate': '4.01e-07', 'epoch': '0.6'}
{'eval_loss': '0.02367', 'eval_runtime': '0.0407', 'eval_samples_per_second': '3095', 'eval_steps_per_second': '49.13', 'epoch': '0.6'}
{'loss': '0.01085', 'grad_norm': '0.7067', 'learning_rate': '3.01e-07', 'epoch': '0.7'}
{'eval_loss': '0.02311', 'eval_runtime': '0.0481', 'eval_samples_per_second': '2622', 'eval_steps_per_second': '41.62', 'epoch': '0.7'}
{'loss': '0.009698', 'grad_norm': '0.4718', 'learning_rate': '2.01e-07', 'epoch': '0.8'}
{'eval_loss': '0.02311', 'eval_runtime': '0.0399', 'eval_samples_per_second': '3156', 'eval_steps_per_second': '50.1', 'epoch': '0.8'}
{'loss': '0.01056', 'grad_norm': '0.3138', 'learning_rate': '1.01e-07', 'epoch': '0.9'}
{'eval_loss': '0.02319', 'eval_runtime': '0.0365', 'eval_samples_per_second': '3450', 'eval_steps_per_second': '54.76', 'epoch': '0.9'}
{'loss': '0.009821', 'grad_norm': '0.4349', 'learning_rate': '1e-09', 'epoch': '1'}
{'eval_loss': '0.02323', 'eval_runtime': '0.0367', 'eval_samples_per_second': '3429', 'eval_steps_per_second': '54.43', 'epoch': '1'}
{'train_runtime': '65.02', 'train_samples_per_second': '984.3', 'train_steps_per_second': '15.38', 'train_loss': '0.01057', 'epoch': '1'}
Saved fine-tuned residue quality net -> C:\Users\lhgdr\Desktop\Kitech\Cement\Cement_code_fin\checkpoints\residue_ctx73\final
Saved loss history (10 val points) -> C:\Users\lhgdr\Desktop\Kitech\Cement\Cement_code_fin\checkpoints\residue_ctx73\loss_history.csv
  val_loss: min=0.02272 (step 300), final=0.02323 (step 1000), final-min=+0.00051 <-- val loss rose from its min: overfitting
Saved loss curve -> C:\Users\lhgdr\Desktop\Kitech\Cement\Cement_code_fin\checkpoints\residue_ctx73\loss_history.png
[2026-09-06 17:53:43] DONE  finetune residue full ctx73 (1.2 min)
[2026-09-06 17:53:43] START backtest residue full ctx73
  cmd: C:\Users\lhgdr\Desktop\Kitech\Cement\Cement_code_fin\.venv\Scripts\python.exe eval/backtest.py --target residue --checkpoint C:\Users\lhgdr\Desktop\Kitech\Cement\Cement_code_fin\checkpoints\residue_ctx73\final --context-length 73 --stride 4 --tag ctx73_full
----- stdout tail (backtest residue full ctx73) -----
Saved backtest results -> C:\Users\lhgdr\Desktop\Kitech\Cement\Cement_code_fin\eval\backtest_residue_ctx73_full.csv

=== residue backtest (C:\Users\lhgdr\Desktop\Kitech\Cement\Cement_code_fin\checkpoints\residue_ctx73\final) ===
n = 855  (fresh-reading transitions only: True)

--- Naive baseline (repeat last observed reading) ---
MAE=0.568  RMSE=1.046  R2=0.5784  spec-in/out accuracy=78.60%
            Pred IN  Pred OUT
Actual IN       316       100
Actual OUT       83       356

--- Chronos-2 ---
MAE=0.485  RMSE=0.807  R2=0.7488  spec-in/out accuracy=81.52%
            Pred IN  Pred OUT
Actual IN       341        75
Actual OUT       83       356

normalized skill score (per-station model_MAE / naive_MAE, macro-avg) = 0.8547  (beats naive)
macro-average MAE (equal per station) = 0.4845
80% interval (q0.1-q0.9) empirical coverage = 74.74% (target: 80%)
[2026-09-06 17:54:06] DONE  backtest residue full ctx73 (0.4 min)
[2026-09-06 17:54:06] START backtest blaine zeroshot ctx128
  cmd: C:\Users\lhgdr\Desktop\Kitech\Cement\Cement_code_fin\.venv\Scripts\python.exe eval/backtest.py --target blaine --checkpoint amazon/chronos-2 --context-length 128 --stride 4 --tag ctx128_zeroshot
----- stdout tail (backtest blaine zeroshot ctx128) -----
Saved backtest results -> C:\Users\lhgdr\Desktop\Kitech\Cement\Cement_code_fin\eval\backtest_blaine_ctx128_zeroshot.csv

=== blaine backtest (amazon/chronos-2) ===
n = 851  (fresh-reading transitions only: True)

--- Naive baseline (repeat last observed reading) ---
MAE=83.767  RMSE=118.862  R2=0.1629  spec-in/out accuracy=66.98%
            Pred IN  Pred OUT
Actual IN       265       139
Actual OUT      142       305

--- Chronos-2 ---
MAE=74.775  RMSE=101.027  R2=0.3953  spec-in/out accuracy=69.92%
            Pred IN  Pred OUT
Actual IN       279       125
Actual OUT      131       316

normalized skill score (per-station model_MAE / naive_MAE, macro-avg) = 0.8919  (beats naive)
macro-average MAE (equal per station) = 74.7348
80% interval (q0.1-q0.9) empirical coverage = 68.51% (target: 80%)
[2026-09-06 17:54:34] DONE  backtest blaine zeroshot ctx128 (0.5 min)
[2026-09-06 17:54:34] START finetune blaine lora ctx128
  cmd: C:\Users\lhgdr\Desktop\Kitech\Cement\Cement_code_fin\.venv\Scripts\python.exe train/finetune_chronos2.py --target blaine --finetune-mode lora --prediction-length 4 --context-length 128 --learning-rate 1e-5 --num-steps 1000 --batch-size 64 --output-tag ctx128_lora
----- stdout tail (finetune blaine lora ctx128) -----
{'eval_loss': '0.007301', 'eval_runtime': '0.0687', 'eval_samples_per_second': '1833', 'eval_steps_per_second': '29.1', 'epoch': '0.3'}
{'loss': '0.0096', 'grad_norm': '0.07044', 'learning_rate': '6.01e-06', 'epoch': '0.4'}
{'eval_loss': '0.00742', 'eval_runtime': '0.0667', 'eval_samples_per_second': '1890', 'eval_steps_per_second': '30', 'epoch': '0.4'}
{'loss': '0.01205', 'grad_norm': '0.0551', 'learning_rate': '5.01e-06', 'epoch': '0.5'}
{'eval_loss': '0.007528', 'eval_runtime': '0.0686', 'eval_samples_per_second': '1837', 'eval_steps_per_second': '29.15', 'epoch': '0.5'}
{'loss': '0.01215', 'grad_norm': '0.03926', 'learning_rate': '4.01e-06', 'epoch': '0.6'}
{'eval_loss': '0.007529', 'eval_runtime': '0.0723', 'eval_samples_per_second': '1742', 'eval_steps_per_second': '27.65', 'epoch': '0.6'}
{'loss': '0.009253', 'grad_norm': '0.07735', 'learning_rate': '3.01e-06', 'epoch': '0.7'}
{'eval_loss': '0.007565', 'eval_runtime': '0.0681', 'eval_samples_per_second': '1849', 'eval_steps_per_second': '29.35', 'epoch': '0.7'}
{'loss': '0.009464', 'grad_norm': '0.02917', 'learning_rate': '2.01e-06', 'epoch': '0.8'}
{'eval_loss': '0.007572', 'eval_runtime': '0.0612', 'eval_samples_per_second': '2058', 'eval_steps_per_second': '32.67', 'epoch': '0.8'}
{'loss': '0.01042', 'grad_norm': '0.06189', 'learning_rate': '1.01e-06', 'epoch': '0.9'}
{'eval_loss': '0.007595', 'eval_runtime': '0.0705', 'eval_samples_per_second': '1787', 'eval_steps_per_second': '28.37', 'epoch': '0.9'}
{'loss': '0.009671', 'grad_norm': '0.06426', 'learning_rate': '1e-08', 'epoch': '1'}
{'eval_loss': '0.007586', 'eval_runtime': '0.0705', 'eval_samples_per_second': '1788', 'eval_steps_per_second': '28.38', 'epoch': '1'}
{'train_runtime': '83.5', 'train_samples_per_second': '766.5', 'train_steps_per_second': '11.98', 'train_loss': '0.009948', 'epoch': '1'}
Saved fine-tuned blaine quality net -> C:\Users\lhgdr\Desktop\Kitech\Cement\Cement_code_fin\checkpoints\blaine_ctx128_lora\final
Saved loss history (10 val points) -> C:\Users\lhgdr\Desktop\Kitech\Cement\Cement_code_fin\checkpoints\blaine_ctx128_lora\loss_history.csv
  val_loss: min=0.00728 (step 100), final=0.00759 (step 1000), final-min=+0.00030 <-- val loss rose from its min: overfitting
Saved loss curve -> C:\Users\lhgdr\Desktop\Kitech\Cement\Cement_code_fin\checkpoints\blaine_ctx128_lora\loss_history.png
[2026-09-06 17:56:06] DONE  finetune blaine lora ctx128 (1.5 min)
[2026-09-06 17:56:06] START backtest blaine lora ctx128
  cmd: C:\Users\lhgdr\Desktop\Kitech\Cement\Cement_code_fin\.venv\Scripts\python.exe eval/backtest.py --target blaine --checkpoint C:\Users\lhgdr\Desktop\Kitech\Cement\Cement_code_fin\checkpoints\blaine_ctx128_lora\final --context-length 128 --stride 4 --tag ctx128_lora
----- stdout tail (backtest blaine lora ctx128) -----
Saved backtest results -> C:\Users\lhgdr\Desktop\Kitech\Cement\Cement_code_fin\eval\backtest_blaine_ctx128_lora.csv

=== blaine backtest (C:\Users\lhgdr\Desktop\Kitech\Cement\Cement_code_fin\checkpoints\blaine_ctx128_lora\final) ===
n = 851  (fresh-reading transitions only: True)

--- Naive baseline (repeat last observed reading) ---
MAE=83.767  RMSE=118.862  R2=0.1629  spec-in/out accuracy=66.98%
            Pred IN  Pred OUT
Actual IN       265       139
Actual OUT      142       305

--- Chronos-2 ---
MAE=74.387  RMSE=100.510  R2=0.4014  spec-in/out accuracy=69.92%
            Pred IN  Pred OUT
Actual IN       278       126
Actual OUT      130       317

normalized skill score (per-station model_MAE / naive_MAE, macro-avg) = 0.8874  (beats naive)
macro-average MAE (equal per station) = 74.3434
80% interval (q0.1-q0.9) empirical coverage = 68.04% (target: 80%)
[2026-09-06 17:56:37] DONE  backtest blaine lora ctx128 (0.5 min)
[2026-09-06 17:56:37] START finetune blaine full ctx128
  cmd: C:\Users\lhgdr\Desktop\Kitech\Cement\Cement_code_fin\.venv\Scripts\python.exe train/finetune_chronos2.py --target blaine --finetune-mode full --prediction-length 4 --context-length 128 --learning-rate 1e-6 --num-steps 1000 --batch-size 64 --output-tag ctx128
----- stdout tail (finetune blaine full ctx128) -----
{'eval_loss': '0.006994', 'eval_runtime': '0.044', 'eval_samples_per_second': '2863', 'eval_steps_per_second': '45.44', 'epoch': '0.3'}
{'loss': '0.009399', 'grad_norm': '0.4164', 'learning_rate': '6.01e-07', 'epoch': '0.4'}
{'eval_loss': '0.007411', 'eval_runtime': '0.0444', 'eval_samples_per_second': '2841', 'eval_steps_per_second': '45.09', 'epoch': '0.4'}
{'loss': '0.01135', 'grad_norm': '0.6131', 'learning_rate': '5.01e-07', 'epoch': '0.5'}
{'eval_loss': '0.007234', 'eval_runtime': '0.0471', 'eval_samples_per_second': '2675', 'eval_steps_per_second': '42.46', 'epoch': '0.5'}
{'loss': '0.01209', 'grad_norm': '0.4623', 'learning_rate': '4.01e-07', 'epoch': '0.6'}
{'eval_loss': '0.0072', 'eval_runtime': '0.0443', 'eval_samples_per_second': '2844', 'eval_steps_per_second': '45.15', 'epoch': '0.6'}
{'loss': '0.008993', 'grad_norm': '0.6719', 'learning_rate': '3.01e-07', 'epoch': '0.7'}
{'eval_loss': '0.007173', 'eval_runtime': '0.0463', 'eval_samples_per_second': '2723', 'eval_steps_per_second': '43.23', 'epoch': '0.7'}
{'loss': '0.009135', 'grad_norm': '0.2608', 'learning_rate': '2.01e-07', 'epoch': '0.8'}
{'eval_loss': '0.007187', 'eval_runtime': '0.046', 'eval_samples_per_second': '2737', 'eval_steps_per_second': '43.44', 'epoch': '0.8'}
{'loss': '0.01021', 'grad_norm': '0.4628', 'learning_rate': '1.01e-07', 'epoch': '0.9'}
{'eval_loss': '0.007171', 'eval_runtime': '0.0441', 'eval_samples_per_second': '2860', 'eval_steps_per_second': '45.4', 'epoch': '0.9'}
{'loss': '0.009572', 'grad_norm': '0.5774', 'learning_rate': '1e-09', 'epoch': '1'}
{'eval_loss': '0.007197', 'eval_runtime': '0.0447', 'eval_samples_per_second': '2820', 'eval_steps_per_second': '44.76', 'epoch': '1'}
{'train_runtime': '72.67', 'train_samples_per_second': '880.7', 'train_steps_per_second': '13.76', 'train_loss': '0.009751', 'epoch': '1'}
Saved fine-tuned blaine quality net -> C:\Users\lhgdr\Desktop\Kitech\Cement\Cement_code_fin\checkpoints\blaine_ctx128\final
Saved loss history (10 val points) -> C:\Users\lhgdr\Desktop\Kitech\Cement\Cement_code_fin\checkpoints\blaine_ctx128\loss_history.csv
  val_loss: min=0.00699 (step 300), final=0.00720 (step 1000), final-min=+0.00020 <-- val loss rose from its min: overfitting
Saved loss curve -> C:\Users\lhgdr\Desktop\Kitech\Cement\Cement_code_fin\checkpoints\blaine_ctx128\loss_history.png
[2026-09-06 17:57:58] DONE  finetune blaine full ctx128 (1.3 min)
[2026-09-06 17:57:58] START backtest blaine full ctx128
  cmd: C:\Users\lhgdr\Desktop\Kitech\Cement\Cement_code_fin\.venv\Scripts\python.exe eval/backtest.py --target blaine --checkpoint C:\Users\lhgdr\Desktop\Kitech\Cement\Cement_code_fin\checkpoints\blaine_ctx128\final --context-length 128 --stride 4 --tag ctx128_full
----- stdout tail (backtest blaine full ctx128) -----
Saved backtest results -> C:\Users\lhgdr\Desktop\Kitech\Cement\Cement_code_fin\eval\backtest_blaine_ctx128_full.csv

=== blaine backtest (C:\Users\lhgdr\Desktop\Kitech\Cement\Cement_code_fin\checkpoints\blaine_ctx128\final) ===
n = 851  (fresh-reading transitions only: True)

--- Naive baseline (repeat last observed reading) ---
MAE=83.767  RMSE=118.862  R2=0.1629  spec-in/out accuracy=66.98%
            Pred IN  Pred OUT
Actual IN       265       139
Actual OUT      142       305

--- Chronos-2 ---
MAE=72.041  RMSE=97.113  R2=0.4412  spec-in/out accuracy=70.27%
            Pred IN  Pred OUT
Actual IN       277       127
Actual OUT      126       321

normalized skill score (per-station model_MAE / naive_MAE, macro-avg) = 0.8599  (beats naive)
macro-average MAE (equal per station) = 72.0029
80% interval (q0.1-q0.9) empirical coverage = 70.98% (target: 80%)
[2026-09-06 17:58:25] DONE  backtest blaine full ctx128 (0.4 min)
[2026-09-06 17:58:25] START backtest residue zeroshot ctx128
  cmd: C:\Users\lhgdr\Desktop\Kitech\Cement\Cement_code_fin\.venv\Scripts\python.exe eval/backtest.py --target residue --checkpoint amazon/chronos-2 --context-length 128 --stride 4 --tag ctx128_zeroshot
----- stdout tail (backtest residue zeroshot ctx128) -----
Saved backtest results -> C:\Users\lhgdr\Desktop\Kitech\Cement\Cement_code_fin\eval\backtest_residue_ctx128_zeroshot.csv

=== residue backtest (amazon/chronos-2) ===
n = 856  (fresh-reading transitions only: True)

--- Naive baseline (repeat last observed reading) ---
MAE=0.568  RMSE=1.046  R2=0.5778  spec-in/out accuracy=78.50%
            Pred IN  Pred OUT
Actual IN       316       100
Actual OUT       84       356

--- Chronos-2 ---
MAE=0.487  RMSE=0.821  R2=0.7397  spec-in/out accuracy=82.01%
            Pred IN  Pred OUT
Actual IN       340        76
Actual OUT       78       362

normalized skill score (per-station model_MAE / naive_MAE, macro-avg) = 0.8576  (beats naive)
macro-average MAE (equal per station) = 0.4866
80% interval (q0.1-q0.9) empirical coverage = 66.71% (target: 80%)
[2026-09-06 17:58:53] DONE  backtest residue zeroshot ctx128 (0.5 min)
[2026-09-06 17:58:53] START finetune residue lora ctx128
  cmd: C:\Users\lhgdr\Desktop\Kitech\Cement\Cement_code_fin\.venv\Scripts\python.exe train/finetune_chronos2.py --target residue --finetune-mode lora --prediction-length 4 --context-length 128 --learning-rate 1e-5 --num-steps 1000 --batch-size 64 --output-tag ctx128_lora
----- stdout tail (finetune residue lora ctx128) -----
{'eval_loss': '0.01445', 'eval_runtime': '0.0764', 'eval_samples_per_second': '1649', 'eval_steps_per_second': '26.18', 'epoch': '0.3'}
{'loss': '0.00922', 'grad_norm': '0.04698', 'learning_rate': '6.01e-06', 'epoch': '0.4'}
{'eval_loss': '0.01458', 'eval_runtime': '0.0692', 'eval_samples_per_second': '1821', 'eval_steps_per_second': '28.91', 'epoch': '0.4'}
{'loss': '0.0122', 'grad_norm': '0.02784', 'learning_rate': '5.01e-06', 'epoch': '0.5'}
{'eval_loss': '0.01459', 'eval_runtime': '0.0693', 'eval_samples_per_second': '1819', 'eval_steps_per_second': '28.88', 'epoch': '0.5'}
{'loss': '0.01056', 'grad_norm': '0.03592', 'learning_rate': '4.01e-06', 'epoch': '0.6'}
{'eval_loss': '0.01467', 'eval_runtime': '0.0719', 'eval_samples_per_second': '1752', 'eval_steps_per_second': '27.8', 'epoch': '0.6'}
{'loss': '0.01064', 'grad_norm': '0.08608', 'learning_rate': '3.01e-06', 'epoch': '0.7'}
{'eval_loss': '0.01457', 'eval_runtime': '0.0634', 'eval_samples_per_second': '1987', 'eval_steps_per_second': '31.54', 'epoch': '0.7'}
{'loss': '0.01', 'grad_norm': '0.06174', 'learning_rate': '2.01e-06', 'epoch': '0.8'}
{'eval_loss': '0.01466', 'eval_runtime': '0.0686', 'eval_samples_per_second': '1837', 'eval_steps_per_second': '29.16', 'epoch': '0.8'}
{'loss': '0.01041', 'grad_norm': '0.03744', 'learning_rate': '1.01e-06', 'epoch': '0.9'}
{'eval_loss': '0.01468', 'eval_runtime': '0.0683', 'eval_samples_per_second': '1846', 'eval_steps_per_second': '29.3', 'epoch': '0.9'}
{'loss': '0.009918', 'grad_norm': '0.05906', 'learning_rate': '1e-08', 'epoch': '1'}
{'eval_loss': '0.01468', 'eval_runtime': '0.0628', 'eval_samples_per_second': '2007', 'eval_steps_per_second': '31.86', 'epoch': '1'}
{'train_runtime': '84.32', 'train_samples_per_second': '759', 'train_steps_per_second': '11.86', 'train_loss': '0.01029', 'epoch': '1'}
Saved fine-tuned residue quality net -> C:\Users\lhgdr\Desktop\Kitech\Cement\Cement_code_fin\checkpoints\residue_ctx128_lora\final
Saved loss history (10 val points) -> C:\Users\lhgdr\Desktop\Kitech\Cement\Cement_code_fin\checkpoints\residue_ctx128_lora\loss_history.csv
  val_loss: min=0.01445 (step 300), final=0.01468 (step 1000), final-min=+0.00023 <-- val loss rose from its min: overfitting
Saved loss curve -> C:\Users\lhgdr\Desktop\Kitech\Cement\Cement_code_fin\checkpoints\residue_ctx128_lora\loss_history.png
[2026-09-06 18:00:26] DONE  finetune residue lora ctx128 (1.5 min)
[2026-09-06 18:00:26] START backtest residue lora ctx128
  cmd: C:\Users\lhgdr\Desktop\Kitech\Cement\Cement_code_fin\.venv\Scripts\python.exe eval/backtest.py --target residue --checkpoint C:\Users\lhgdr\Desktop\Kitech\Cement\Cement_code_fin\checkpoints\residue_ctx128_lora\final --context-length 128 --stride 4 --tag ctx128_lora
----- stdout tail (backtest residue lora ctx128) -----
Saved backtest results -> C:\Users\lhgdr\Desktop\Kitech\Cement\Cement_code_fin\eval\backtest_residue_ctx128_lora.csv

=== residue backtest (C:\Users\lhgdr\Desktop\Kitech\Cement\Cement_code_fin\checkpoints\residue_ctx128_lora\final) ===
n = 856  (fresh-reading transitions only: True)

--- Naive baseline (repeat last observed reading) ---
MAE=0.568  RMSE=1.046  R2=0.5778  spec-in/out accuracy=78.50%
            Pred IN  Pred OUT
Actual IN       316       100
Actual OUT       84       356

--- Chronos-2 ---
MAE=0.485  RMSE=0.816  R2=0.7427  spec-in/out accuracy=81.54%
            Pred IN  Pred OUT
Actual IN       339        77
Actual OUT       81       359

normalized skill score (per-station model_MAE / naive_MAE, macro-avg) = 0.8544  (beats naive)
macro-average MAE (equal per station) = 0.4848
80% interval (q0.1-q0.9) empirical coverage = 67.87% (target: 80%)
[2026-09-06 18:00:57] DONE  backtest residue lora ctx128 (0.5 min)
[2026-09-06 18:00:57] START finetune residue full ctx128
  cmd: C:\Users\lhgdr\Desktop\Kitech\Cement\Cement_code_fin\.venv\Scripts\python.exe train/finetune_chronos2.py --target residue --finetune-mode full --prediction-length 4 --context-length 128 --learning-rate 1e-6 --num-steps 1000 --batch-size 64 --output-tag ctx128
----- stdout tail (finetune residue full ctx128) -----
{'eval_loss': '0.01442', 'eval_runtime': '0.0438', 'eval_samples_per_second': '2875', 'eval_steps_per_second': '45.64', 'epoch': '0.3'}
{'loss': '0.008993', 'grad_norm': '0.5796', 'learning_rate': '6.01e-07', 'epoch': '0.4'}
{'eval_loss': '0.01581', 'eval_runtime': '0.0441', 'eval_samples_per_second': '2859', 'eval_steps_per_second': '45.38', 'epoch': '0.4'}
{'loss': '0.01184', 'grad_norm': '0.4164', 'learning_rate': '5.01e-07', 'epoch': '0.5'}
{'eval_loss': '0.01605', 'eval_runtime': '0.0446', 'eval_samples_per_second': '2825', 'eval_steps_per_second': '44.84', 'epoch': '0.5'}
{'loss': '0.01044', 'grad_norm': '0.3918', 'learning_rate': '4.01e-07', 'epoch': '0.6'}
{'eval_loss': '0.01629', 'eval_runtime': '0.0455', 'eval_samples_per_second': '2772', 'eval_steps_per_second': '43.99', 'epoch': '0.6'}
{'loss': '0.01016', 'grad_norm': '0.8521', 'learning_rate': '3.01e-07', 'epoch': '0.7'}
{'eval_loss': '0.01612', 'eval_runtime': '0.0437', 'eval_samples_per_second': '2881', 'eval_steps_per_second': '45.73', 'epoch': '0.7'}
{'loss': '0.009406', 'grad_norm': '0.5973', 'learning_rate': '2.01e-07', 'epoch': '0.8'}
{'eval_loss': '0.01628', 'eval_runtime': '0.0473', 'eval_samples_per_second': '2663', 'eval_steps_per_second': '42.27', 'epoch': '0.8'}
{'loss': '0.01001', 'grad_norm': '0.3012', 'learning_rate': '1.01e-07', 'epoch': '0.9'}
{'eval_loss': '0.01633', 'eval_runtime': '0.0426', 'eval_samples_per_second': '2958', 'eval_steps_per_second': '46.95', 'epoch': '0.9'}
{'loss': '0.009517', 'grad_norm': '0.4635', 'learning_rate': '1e-09', 'epoch': '1'}
{'eval_loss': '0.01638', 'eval_runtime': '0.0428', 'eval_samples_per_second': '2944', 'eval_steps_per_second': '46.73', 'epoch': '1'}
{'train_runtime': '72.45', 'train_samples_per_second': '883.4', 'train_steps_per_second': '13.8', 'train_loss': '0.009999', 'epoch': '1'}
Saved fine-tuned residue quality net -> C:\Users\lhgdr\Desktop\Kitech\Cement\Cement_code_fin\checkpoints\residue_ctx128\final
Saved loss history (10 val points) -> C:\Users\lhgdr\Desktop\Kitech\Cement\Cement_code_fin\checkpoints\residue_ctx128\loss_history.csv
  val_loss: min=0.01442 (step 300), final=0.01638 (step 1000), final-min=+0.00196 <-- val loss rose from its min: overfitting
Saved loss curve -> C:\Users\lhgdr\Desktop\Kitech\Cement\Cement_code_fin\checkpoints\residue_ctx128\loss_history.png
[2026-09-06 18:02:18] DONE  finetune residue full ctx128 (1.3 min)
[2026-09-06 18:02:18] START backtest residue full ctx128
  cmd: C:\Users\lhgdr\Desktop\Kitech\Cement\Cement_code_fin\.venv\Scripts\python.exe eval/backtest.py --target residue --checkpoint C:\Users\lhgdr\Desktop\Kitech\Cement\Cement_code_fin\checkpoints\residue_ctx128\final --context-length 128 --stride 4 --tag ctx128_full
----- stdout tail (backtest residue full ctx128) -----
Saved backtest results -> C:\Users\lhgdr\Desktop\Kitech\Cement\Cement_code_fin\eval\backtest_residue_ctx128_full.csv

=== residue backtest (C:\Users\lhgdr\Desktop\Kitech\Cement\Cement_code_fin\checkpoints\residue_ctx128\final) ===
n = 856  (fresh-reading transitions only: True)

--- Naive baseline (repeat last observed reading) ---
MAE=0.568  RMSE=1.046  R2=0.5778  spec-in/out accuracy=78.50%
            Pred IN  Pred OUT
Actual IN       316       100
Actual OUT       84       356

--- Chronos-2 ---
MAE=0.484  RMSE=0.796  R2=0.7557  spec-in/out accuracy=81.07%
            Pred IN  Pred OUT
Actual IN       344        72
Actual OUT       90       350

normalized skill score (per-station model_MAE / naive_MAE, macro-avg) = 0.8518  (beats naive)
macro-average MAE (equal per station) = 0.4837
80% interval (q0.1-q0.9) empirical coverage = 74.88% (target: 80%)
[2026-09-06 18:02:45] DONE  backtest residue full ctx128 (0.4 min)
[2026-09-06 18:02:45] START backtest blaine zeroshot ctx168
  cmd: C:\Users\lhgdr\Desktop\Kitech\Cement\Cement_code_fin\.venv\Scripts\python.exe eval/backtest.py --target blaine --checkpoint amazon/chronos-2 --context-length 168 --stride 4 --tag ctx168_zeroshot
----- stdout tail (backtest blaine zeroshot ctx168) -----
Saved backtest results -> C:\Users\lhgdr\Desktop\Kitech\Cement\Cement_code_fin\eval\backtest_blaine_ctx168_zeroshot.csv

=== blaine backtest (amazon/chronos-2) ===
n = 851  (fresh-reading transitions only: True)

--- Naive baseline (repeat last observed reading) ---
MAE=83.767  RMSE=118.862  R2=0.1629  spec-in/out accuracy=66.98%
            Pred IN  Pred OUT
Actual IN       265       139
Actual OUT      142       305

--- Chronos-2 ---
MAE=73.287  RMSE=99.012  R2=0.4192  spec-in/out accuracy=69.10%
            Pred IN  Pred OUT
Actual IN       271       133
Actual OUT      130       317

normalized skill score (per-station model_MAE / naive_MAE, macro-avg) = 0.8753  (beats naive)
macro-average MAE (equal per station) = 73.3148
80% interval (q0.1-q0.9) empirical coverage = 66.86% (target: 80%)
[2026-09-06 18:03:16] DONE  backtest blaine zeroshot ctx168 (0.5 min)
[2026-09-06 18:03:16] START finetune blaine lora ctx168
  cmd: C:\Users\lhgdr\Desktop\Kitech\Cement\Cement_code_fin\.venv\Scripts\python.exe train/finetune_chronos2.py --target blaine --finetune-mode lora --prediction-length 4 --context-length 168 --learning-rate 1e-5 --num-steps 1000 --batch-size 64 --output-tag ctx168_lora
----- stdout tail (finetune blaine lora ctx168) -----
{'eval_loss': '0.005962', 'eval_runtime': '0.0677', 'eval_samples_per_second': '1862', 'eval_steps_per_second': '29.55', 'epoch': '0.3'}
{'loss': '0.009532', 'grad_norm': '0.05463', 'learning_rate': '6.01e-06', 'epoch': '0.4'}
{'eval_loss': '0.006014', 'eval_runtime': '0.0632', 'eval_samples_per_second': '1994', 'eval_steps_per_second': '31.65', 'epoch': '0.4'}
{'loss': '0.01179', 'grad_norm': '0.05901', 'learning_rate': '5.01e-06', 'epoch': '0.5'}
{'eval_loss': '0.006041', 'eval_runtime': '0.0721', 'eval_samples_per_second': '1746', 'eval_steps_per_second': '27.72', 'epoch': '0.5'}
{'loss': '0.01169', 'grad_norm': '0.04077', 'learning_rate': '4.01e-06', 'epoch': '0.6'}
{'eval_loss': '0.006057', 'eval_runtime': '0.0671', 'eval_samples_per_second': '1878', 'eval_steps_per_second': '29.82', 'epoch': '0.6'}
{'loss': '0.008986', 'grad_norm': '0.0769', 'learning_rate': '3.01e-06', 'epoch': '0.7'}
{'eval_loss': '0.006047', 'eval_runtime': '0.0686', 'eval_samples_per_second': '1838', 'eval_steps_per_second': '29.17', 'epoch': '0.7'}
{'loss': '0.00913', 'grad_norm': '0.03415', 'learning_rate': '2.01e-06', 'epoch': '0.8'}
{'eval_loss': '0.006053', 'eval_runtime': '0.0622', 'eval_samples_per_second': '2025', 'eval_steps_per_second': '32.14', 'epoch': '0.8'}
{'loss': '0.009847', 'grad_norm': '0.04986', 'learning_rate': '1.01e-06', 'epoch': '0.9'}
{'eval_loss': '0.006063', 'eval_runtime': '0.0688', 'eval_samples_per_second': '1832', 'eval_steps_per_second': '29.07', 'epoch': '0.9'}
{'loss': '0.009242', 'grad_norm': '0.07144', 'learning_rate': '1e-08', 'epoch': '1'}
{'eval_loss': '0.00606', 'eval_runtime': '0.0699', 'eval_samples_per_second': '1802', 'eval_steps_per_second': '28.6', 'epoch': '1'}
{'train_runtime': '84.11', 'train_samples_per_second': '760.9', 'train_steps_per_second': '11.89', 'train_loss': '0.00961', 'epoch': '1'}
Saved fine-tuned blaine quality net -> C:\Users\lhgdr\Desktop\Kitech\Cement\Cement_code_fin\checkpoints\blaine_ctx168_lora\final
Saved loss history (10 val points) -> C:\Users\lhgdr\Desktop\Kitech\Cement\Cement_code_fin\checkpoints\blaine_ctx168_lora\loss_history.csv
  val_loss: min=0.00593 (step 200), final=0.00606 (step 1000), final-min=+0.00013 <-- val loss rose from its min: overfitting
Saved loss curve -> C:\Users\lhgdr\Desktop\Kitech\Cement\Cement_code_fin\checkpoints\blaine_ctx168_lora\loss_history.png
[2026-09-06 18:04:49] DONE  finetune blaine lora ctx168 (1.5 min)
[2026-09-06 18:04:49] START backtest blaine lora ctx168
  cmd: C:\Users\lhgdr\Desktop\Kitech\Cement\Cement_code_fin\.venv\Scripts\python.exe eval/backtest.py --target blaine --checkpoint C:\Users\lhgdr\Desktop\Kitech\Cement\Cement_code_fin\checkpoints\blaine_ctx168_lora\final --context-length 168 --stride 4 --tag ctx168_lora
----- stdout tail (backtest blaine lora ctx168) -----
Saved backtest results -> C:\Users\lhgdr\Desktop\Kitech\Cement\Cement_code_fin\eval\backtest_blaine_ctx168_lora.csv

=== blaine backtest (C:\Users\lhgdr\Desktop\Kitech\Cement\Cement_code_fin\checkpoints\blaine_ctx168_lora\final) ===
n = 851  (fresh-reading transitions only: True)

--- Naive baseline (repeat last observed reading) ---
MAE=83.767  RMSE=118.862  R2=0.1629  spec-in/out accuracy=66.98%
            Pred IN  Pred OUT
Actual IN       265       139
Actual OUT      142       305

--- Chronos-2 ---
MAE=72.960  RMSE=98.537  R2=0.4247  spec-in/out accuracy=69.33%
            Pred IN  Pred OUT
Actual IN       273       131
Actual OUT      130       317

normalized skill score (per-station model_MAE / naive_MAE, macro-avg) = 0.8714  (beats naive)
macro-average MAE (equal per station) = 72.9828
80% interval (q0.1-q0.9) empirical coverage = 67.10% (target: 80%)
[2026-09-06 18:05:25] DONE  backtest blaine lora ctx168 (0.6 min)
[2026-09-06 18:05:25] START finetune blaine full ctx168
  cmd: C:\Users\lhgdr\Desktop\Kitech\Cement\Cement_code_fin\.venv\Scripts\python.exe train/finetune_chronos2.py --target blaine --finetune-mode full --prediction-length 4 --context-length 168 --learning-rate 1e-6 --num-steps 1000 --batch-size 64 --output-tag ctx168
----- stdout tail (finetune blaine full ctx168) -----
{'eval_loss': '0.006372', 'eval_runtime': '0.0457', 'eval_samples_per_second': '2760', 'eval_steps_per_second': '43.81', 'epoch': '0.3'}
{'loss': '0.009286', 'grad_norm': '0.573', 'learning_rate': '6.01e-07', 'epoch': '0.4'}
{'eval_loss': '0.006815', 'eval_runtime': '0.0459', 'eval_samples_per_second': '2743', 'eval_steps_per_second': '43.54', 'epoch': '0.4'}
{'loss': '0.01117', 'grad_norm': '0.8081', 'learning_rate': '5.01e-07', 'epoch': '0.5'}
{'eval_loss': '0.006325', 'eval_runtime': '0.0461', 'eval_samples_per_second': '2736', 'eval_steps_per_second': '43.42', 'epoch': '0.5'}
{'loss': '0.01144', 'grad_norm': '0.4723', 'learning_rate': '4.01e-07', 'epoch': '0.6'}
{'eval_loss': '0.006668', 'eval_runtime': '0.0457', 'eval_samples_per_second': '2755', 'eval_steps_per_second': '43.72', 'epoch': '0.6'}
{'loss': '0.008551', 'grad_norm': '1.778', 'learning_rate': '3.01e-07', 'epoch': '0.7'}
{'eval_loss': '0.006601', 'eval_runtime': '0.0458', 'eval_samples_per_second': '2754', 'eval_steps_per_second': '43.72', 'epoch': '0.7'}
{'loss': '0.008924', 'grad_norm': '0.2734', 'learning_rate': '2.01e-07', 'epoch': '0.8'}
{'eval_loss': '0.006724', 'eval_runtime': '0.0463', 'eval_samples_per_second': '2719', 'eval_steps_per_second': '43.15', 'epoch': '0.8'}
{'loss': '0.00972', 'grad_norm': '0.5467', 'learning_rate': '1.01e-07', 'epoch': '0.9'}
{'eval_loss': '0.006681', 'eval_runtime': '0.0469', 'eval_samples_per_second': '2689', 'eval_steps_per_second': '42.68', 'epoch': '0.9'}
{'loss': '0.00915', 'grad_norm': '0.8377', 'learning_rate': '1e-09', 'epoch': '1'}
{'eval_loss': '0.006762', 'eval_runtime': '0.0456', 'eval_samples_per_second': '2763', 'eval_steps_per_second': '43.85', 'epoch': '1'}
{'train_runtime': '79.86', 'train_samples_per_second': '801.4', 'train_steps_per_second': '12.52', 'train_loss': '0.009397', 'epoch': '1'}
Saved fine-tuned blaine quality net -> C:\Users\lhgdr\Desktop\Kitech\Cement\Cement_code_fin\checkpoints\blaine_ctx168\final
Saved loss history (10 val points) -> C:\Users\lhgdr\Desktop\Kitech\Cement\Cement_code_fin\checkpoints\blaine_ctx168\loss_history.csv
  val_loss: min=0.00585 (step 100), final=0.00676 (step 1000), final-min=+0.00091 <-- val loss rose from its min: overfitting
Saved loss curve -> C:\Users\lhgdr\Desktop\Kitech\Cement\Cement_code_fin\checkpoints\blaine_ctx168\loss_history.png
[2026-09-06 18:06:54] DONE  finetune blaine full ctx168 (1.5 min)
[2026-09-06 18:06:54] START backtest blaine full ctx168
  cmd: C:\Users\lhgdr\Desktop\Kitech\Cement\Cement_code_fin\.venv\Scripts\python.exe eval/backtest.py --target blaine --checkpoint C:\Users\lhgdr\Desktop\Kitech\Cement\Cement_code_fin\checkpoints\blaine_ctx168\final --context-length 168 --stride 4 --tag ctx168_full
----- stdout tail (backtest blaine full ctx168) -----
Saved backtest results -> C:\Users\lhgdr\Desktop\Kitech\Cement\Cement_code_fin\eval\backtest_blaine_ctx168_full.csv

=== blaine backtest (C:\Users\lhgdr\Desktop\Kitech\Cement\Cement_code_fin\checkpoints\blaine_ctx168\final) ===
n = 851  (fresh-reading transitions only: True)

--- Naive baseline (repeat last observed reading) ---
MAE=83.767  RMSE=118.862  R2=0.1629  spec-in/out accuracy=66.98%
            Pred IN  Pred OUT
Actual IN       265       139
Actual OUT      142       305

--- Chronos-2 ---
MAE=71.539  RMSE=96.715  R2=0.4458  spec-in/out accuracy=71.45%
            Pred IN  Pred OUT
Actual IN       281       123
Actual OUT      120       327

normalized skill score (per-station model_MAE / naive_MAE, macro-avg) = 0.8547  (beats naive)
macro-average MAE (equal per station) = 71.5540
80% interval (q0.1-q0.9) empirical coverage = 65.33% (target: 80%)
[2026-09-06 18:07:24] DONE  backtest blaine full ctx168 (0.5 min)
[2026-09-06 18:07:24] START backtest residue zeroshot ctx168
  cmd: C:\Users\lhgdr\Desktop\Kitech\Cement\Cement_code_fin\.venv\Scripts\python.exe eval/backtest.py --target residue --checkpoint amazon/chronos-2 --context-length 168 --stride 4 --tag ctx168_zeroshot
----- stdout tail (backtest residue zeroshot ctx168) -----
Saved backtest results -> C:\Users\lhgdr\Desktop\Kitech\Cement\Cement_code_fin\eval\backtest_residue_ctx168_zeroshot.csv

=== residue backtest (amazon/chronos-2) ===
n = 856  (fresh-reading transitions only: True)

--- Naive baseline (repeat last observed reading) ---
MAE=0.568  RMSE=1.046  R2=0.5778  spec-in/out accuracy=78.50%
            Pred IN  Pred OUT
Actual IN       316       100
Actual OUT       84       356

--- Chronos-2 ---
MAE=0.486  RMSE=0.814  R2=0.7446  spec-in/out accuracy=81.89%
            Pred IN  Pred OUT
Actual IN       336        80
Actual OUT       75       365

normalized skill score (per-station model_MAE / naive_MAE, macro-avg) = 0.8571  (beats naive)
macro-average MAE (equal per station) = 0.4860
80% interval (q0.1-q0.9) empirical coverage = 67.29% (target: 80%)
[2026-09-06 18:07:56] DONE  backtest residue zeroshot ctx168 (0.5 min)
[2026-09-06 18:07:56] START finetune residue lora ctx168
  cmd: C:\Users\lhgdr\Desktop\Kitech\Cement\Cement_code_fin\.venv\Scripts\python.exe train/finetune_chronos2.py --target residue --finetune-mode lora --prediction-length 4 --context-length 168 --learning-rate 1e-5 --num-steps 1000 --batch-size 64 --output-tag ctx168_lora
----- stdout tail (finetune residue lora ctx168) -----
{'eval_loss': '0.01669', 'eval_runtime': '0.0647', 'eval_samples_per_second': '1946', 'eval_steps_per_second': '30.89', 'epoch': '0.3'}
{'loss': '0.008929', 'grad_norm': '0.04055', 'learning_rate': '6.01e-06', 'epoch': '0.4'}
{'eval_loss': '0.01677', 'eval_runtime': '0.0681', 'eval_samples_per_second': '1852', 'eval_steps_per_second': '29.39', 'epoch': '0.4'}
{'loss': '0.01218', 'grad_norm': '0.02573', 'learning_rate': '5.01e-06', 'epoch': '0.5'}
{'eval_loss': '0.01671', 'eval_runtime': '0.0687', 'eval_samples_per_second': '1833', 'eval_steps_per_second': '29.09', 'epoch': '0.5'}
{'loss': '0.01013', 'grad_norm': '0.04503', 'learning_rate': '4.01e-06', 'epoch': '0.6'}
{'eval_loss': '0.01671', 'eval_runtime': '0.0744', 'eval_samples_per_second': '1694', 'eval_steps_per_second': '26.89', 'epoch': '0.6'}
{'loss': '0.01022', 'grad_norm': '0.1368', 'learning_rate': '3.01e-06', 'epoch': '0.7'}
{'eval_loss': '0.01661', 'eval_runtime': '0.0676', 'eval_samples_per_second': '1864', 'eval_steps_per_second': '29.59', 'epoch': '0.7'}
{'loss': '0.009337', 'grad_norm': '0.05658', 'learning_rate': '2.01e-06', 'epoch': '0.8'}
{'eval_loss': '0.01656', 'eval_runtime': '0.0648', 'eval_samples_per_second': '1944', 'eval_steps_per_second': '30.86', 'epoch': '0.8'}
{'loss': '0.009871', 'grad_norm': '0.01557', 'learning_rate': '1.01e-06', 'epoch': '0.9'}
{'eval_loss': '0.01655', 'eval_runtime': '0.0674', 'eval_samples_per_second': '1869', 'eval_steps_per_second': '29.66', 'epoch': '0.9'}
{'loss': '0.00972', 'grad_norm': '0.05726', 'learning_rate': '1e-08', 'epoch': '1'}
{'eval_loss': '0.01653', 'eval_runtime': '0.0674', 'eval_samples_per_second': '1869', 'eval_steps_per_second': '29.67', 'epoch': '1'}
{'train_runtime': '83.74', 'train_samples_per_second': '764.3', 'train_steps_per_second': '11.94', 'train_loss': '0.01008', 'epoch': '1'}
Saved fine-tuned residue quality net -> C:\Users\lhgdr\Desktop\Kitech\Cement\Cement_code_fin\checkpoints\residue_ctx168_lora\final
Saved loss history (10 val points) -> C:\Users\lhgdr\Desktop\Kitech\Cement\Cement_code_fin\checkpoints\residue_ctx168_lora\loss_history.csv
  val_loss: min=0.01653 (step 1000), final=0.01653 (step 1000), final-min=+0.00000
Saved loss curve -> C:\Users\lhgdr\Desktop\Kitech\Cement\Cement_code_fin\checkpoints\residue_ctx168_lora\loss_history.png
[2026-09-06 18:09:29] DONE  finetune residue lora ctx168 (1.5 min)
[2026-09-06 18:09:29] START backtest residue lora ctx168
  cmd: C:\Users\lhgdr\Desktop\Kitech\Cement\Cement_code_fin\.venv\Scripts\python.exe eval/backtest.py --target residue --checkpoint C:\Users\lhgdr\Desktop\Kitech\Cement\Cement_code_fin\checkpoints\residue_ctx168_lora\final --context-length 168 --stride 4 --tag ctx168_lora
----- stdout tail (backtest residue lora ctx168) -----
Saved backtest results -> C:\Users\lhgdr\Desktop\Kitech\Cement\Cement_code_fin\eval\backtest_residue_ctx168_lora.csv

=== residue backtest (C:\Users\lhgdr\Desktop\Kitech\Cement\Cement_code_fin\checkpoints\residue_ctx168_lora\final) ===
n = 856  (fresh-reading transitions only: True)

--- Naive baseline (repeat last observed reading) ---
MAE=0.568  RMSE=1.046  R2=0.5778  spec-in/out accuracy=78.50%
            Pred IN  Pred OUT
Actual IN       316       100
Actual OUT       84       356

--- Chronos-2 ---
MAE=0.479  RMSE=0.800  R2=0.7530  spec-in/out accuracy=82.36%
            Pred IN  Pred OUT
Actual IN       341        75
Actual OUT       76       364

normalized skill score (per-station model_MAE / naive_MAE, macro-avg) = 0.8442  (beats naive)
macro-average MAE (equal per station) = 0.4788
80% interval (q0.1-q0.9) empirical coverage = 69.98% (target: 80%)
[2026-09-06 18:10:05] DONE  backtest residue lora ctx168 (0.6 min)
[2026-09-06 18:10:05] START finetune residue full ctx168
  cmd: C:\Users\lhgdr\Desktop\Kitech\Cement\Cement_code_fin\.venv\Scripts\python.exe train/finetune_chronos2.py --target residue --finetune-mode full --prediction-length 4 --context-length 168 --learning-rate 1e-6 --num-steps 1000 --batch-size 64 --output-tag ctx168
----- stdout tail (finetune residue full ctx168) -----
{'eval_loss': '0.01627', 'eval_runtime': '0.045', 'eval_samples_per_second': '2802', 'eval_steps_per_second': '44.48', 'epoch': '0.3'}
{'loss': '0.008572', 'grad_norm': '0.4543', 'learning_rate': '6.01e-07', 'epoch': '0.4'}
{'eval_loss': '0.01717', 'eval_runtime': '0.0465', 'eval_samples_per_second': '2709', 'eval_steps_per_second': '43', 'epoch': '0.4'}
{'loss': '0.01156', 'grad_norm': '0.2894', 'learning_rate': '5.01e-07', 'epoch': '0.5'}
{'eval_loss': '0.01679', 'eval_runtime': '0.0462', 'eval_samples_per_second': '2725', 'eval_steps_per_second': '43.25', 'epoch': '0.5'}
{'loss': '0.009705', 'grad_norm': '0.5516', 'learning_rate': '4.01e-07', 'epoch': '0.6'}
{'eval_loss': '0.01706', 'eval_runtime': '0.0431', 'eval_samples_per_second': '2926', 'eval_steps_per_second': '46.45', 'epoch': '0.6'}
{'loss': '0.008989', 'grad_norm': '1.483', 'learning_rate': '3.01e-07', 'epoch': '0.7'}
{'eval_loss': '0.01668', 'eval_runtime': '0.0421', 'eval_samples_per_second': '2989', 'eval_steps_per_second': '47.45', 'epoch': '0.7'}
{'loss': '0.008551', 'grad_norm': '0.7319', 'learning_rate': '2.01e-07', 'epoch': '0.8'}
{'eval_loss': '0.01672', 'eval_runtime': '0.0478', 'eval_samples_per_second': '2637', 'eval_steps_per_second': '41.86', 'epoch': '0.8'}
{'loss': '0.009157', 'grad_norm': '0.5849', 'learning_rate': '1.01e-07', 'epoch': '0.9'}
{'eval_loss': '0.01674', 'eval_runtime': '0.046', 'eval_samples_per_second': '2741', 'eval_steps_per_second': '43.51', 'epoch': '0.9'}
{'loss': '0.00869', 'grad_norm': '0.655', 'learning_rate': '1e-09', 'epoch': '1'}
{'eval_loss': '0.0168', 'eval_runtime': '0.0466', 'eval_samples_per_second': '2703', 'eval_steps_per_second': '42.9', 'epoch': '1'}
{'train_runtime': '79.67', 'train_samples_per_second': '803.3', 'train_steps_per_second': '12.55', 'train_loss': '0.009476', 'epoch': '1'}
Saved fine-tuned residue quality net -> C:\Users\lhgdr\Desktop\Kitech\Cement\Cement_code_fin\checkpoints\residue_ctx168\final
Saved loss history (10 val points) -> C:\Users\lhgdr\Desktop\Kitech\Cement\Cement_code_fin\checkpoints\residue_ctx168\loss_history.csv
  val_loss: min=0.01627 (step 300), final=0.01680 (step 1000), final-min=+0.00053 <-- val loss rose from its min: overfitting
Saved loss curve -> C:\Users\lhgdr\Desktop\Kitech\Cement\Cement_code_fin\checkpoints\residue_ctx168\loss_history.png
[2026-09-06 18:11:33] DONE  finetune residue full ctx168 (1.5 min)
[2026-09-06 18:11:33] START backtest residue full ctx168
  cmd: C:\Users\lhgdr\Desktop\Kitech\Cement\Cement_code_fin\.venv\Scripts\python.exe eval/backtest.py --target residue --checkpoint C:\Users\lhgdr\Desktop\Kitech\Cement\Cement_code_fin\checkpoints\residue_ctx168\final --context-length 168 --stride 4 --tag ctx168_full
----- stdout tail (backtest residue full ctx168) -----
Saved backtest results -> C:\Users\lhgdr\Desktop\Kitech\Cement\Cement_code_fin\eval\backtest_residue_ctx168_full.csv

=== residue backtest (C:\Users\lhgdr\Desktop\Kitech\Cement\Cement_code_fin\checkpoints\residue_ctx168\final) ===
n = 856  (fresh-reading transitions only: True)

--- Naive baseline (repeat last observed reading) ---
MAE=0.568  RMSE=1.046  R2=0.5778  spec-in/out accuracy=78.50%
            Pred IN  Pred OUT
Actual IN       316       100
Actual OUT       84       356

--- Chronos-2 ---
MAE=0.475  RMSE=0.782  R2=0.7638  spec-in/out accuracy=81.66%
            Pred IN  Pred OUT
Actual IN       343        73
Actual OUT       84       356

normalized skill score (per-station model_MAE / naive_MAE, macro-avg) = 0.8375  (beats naive)
macro-average MAE (equal per station) = 0.4750
80% interval (q0.1-q0.9) empirical coverage = 75.00% (target: 80%)
[2026-09-06 18:12:04] DONE  backtest residue full ctx168 (0.5 min)
[2026-09-06 18:12:04] START backtest blaine zeroshot ctx256
  cmd: C:\Users\lhgdr\Desktop\Kitech\Cement\Cement_code_fin\.venv\Scripts\python.exe eval/backtest.py --target blaine --checkpoint amazon/chronos-2 --context-length 256 --stride 4 --tag ctx256_zeroshot
----- stdout tail (backtest blaine zeroshot ctx256) -----
Saved backtest results -> C:\Users\lhgdr\Desktop\Kitech\Cement\Cement_code_fin\eval\backtest_blaine_ctx256_zeroshot.csv

=== blaine backtest (amazon/chronos-2) ===
n = 851  (fresh-reading transitions only: True)

--- Naive baseline (repeat last observed reading) ---
MAE=83.767  RMSE=118.862  R2=0.1629  spec-in/out accuracy=66.98%
            Pred IN  Pred OUT
Actual IN       265       139
Actual OUT      142       305

--- Chronos-2 ---
MAE=72.383  RMSE=98.499  R2=0.4252  spec-in/out accuracy=70.04%
            Pred IN  Pred OUT
Actual IN       270       134
Actual OUT      121       326

normalized skill score (per-station model_MAE / naive_MAE, macro-avg) = 0.8654  (beats naive)
macro-average MAE (equal per station) = 72.4185
80% interval (q0.1-q0.9) empirical coverage = 65.80% (target: 80%)
[2026-09-06 18:12:37] DONE  backtest blaine zeroshot ctx256 (0.6 min)
[2026-09-06 18:12:37] START finetune blaine lora ctx256
  cmd: C:\Users\lhgdr\Desktop\Kitech\Cement\Cement_code_fin\.venv\Scripts\python.exe train/finetune_chronos2.py --target blaine --finetune-mode lora --prediction-length 4 --context-length 256 --learning-rate 1e-5 --num-steps 1000 --batch-size 64 --output-tag ctx256_lora
----- stdout tail (finetune blaine lora ctx256) -----
{'eval_loss': '0.006245', 'eval_runtime': '0.0663', 'eval_samples_per_second': '1901', 'eval_steps_per_second': '30.17', 'epoch': '0.3'}
{'loss': '0.0087', 'grad_norm': '0.05977', 'learning_rate': '6.01e-06', 'epoch': '0.4'}
{'eval_loss': '0.006335', 'eval_runtime': '0.0675', 'eval_samples_per_second': '1867', 'eval_steps_per_second': '29.63', 'epoch': '0.4'}
{'loss': '0.009381', 'grad_norm': '0.06399', 'learning_rate': '5.01e-06', 'epoch': '0.5'}
{'eval_loss': '0.006382', 'eval_runtime': '0.0668', 'eval_samples_per_second': '1887', 'eval_steps_per_second': '29.95', 'epoch': '0.5'}
{'loss': '0.01128', 'grad_norm': '0.02275', 'learning_rate': '4.01e-06', 'epoch': '0.6'}
{'eval_loss': '0.006493', 'eval_runtime': '0.0697', 'eval_samples_per_second': '1808', 'eval_steps_per_second': '28.7', 'epoch': '0.6'}
{'loss': '0.008591', 'grad_norm': '0.1373', 'learning_rate': '3.01e-06', 'epoch': '0.7'}
{'eval_loss': '0.006533', 'eval_runtime': '0.0684', 'eval_samples_per_second': '1842', 'eval_steps_per_second': '29.23', 'epoch': '0.7'}
{'loss': '0.008041', 'grad_norm': '0.0265', 'learning_rate': '2.01e-06', 'epoch': '0.8'}
{'eval_loss': '0.006543', 'eval_runtime': '0.0668', 'eval_samples_per_second': '1885', 'eval_steps_per_second': '29.93', 'epoch': '0.8'}
{'loss': '0.009554', 'grad_norm': '0.04879', 'learning_rate': '1.01e-06', 'epoch': '0.9'}
{'eval_loss': '0.006559', 'eval_runtime': '0.0693', 'eval_samples_per_second': '1818', 'eval_steps_per_second': '28.86', 'epoch': '0.9'}
{'loss': '0.008875', 'grad_norm': '0.05111', 'learning_rate': '1e-08', 'epoch': '1'}
{'eval_loss': '0.006553', 'eval_runtime': '0.0685', 'eval_samples_per_second': '1839', 'eval_steps_per_second': '29.19', 'epoch': '1'}
{'train_runtime': '87.36', 'train_samples_per_second': '732.6', 'train_steps_per_second': '11.45', 'train_loss': '0.008733', 'epoch': '1'}
Saved fine-tuned blaine quality net -> C:\Users\lhgdr\Desktop\Kitech\Cement\Cement_code_fin\checkpoints\blaine_ctx256_lora\final
Saved loss history (10 val points) -> C:\Users\lhgdr\Desktop\Kitech\Cement\Cement_code_fin\checkpoints\blaine_ctx256_lora\loss_history.csv
  val_loss: min=0.00617 (step 100), final=0.00655 (step 1000), final-min=+0.00038 <-- val loss rose from its min: overfitting
Saved loss curve -> C:\Users\lhgdr\Desktop\Kitech\Cement\Cement_code_fin\checkpoints\blaine_ctx256_lora\loss_history.png
[2026-09-06 18:14:13] DONE  finetune blaine lora ctx256 (1.6 min)
[2026-09-06 18:14:13] START backtest blaine lora ctx256
  cmd: C:\Users\lhgdr\Desktop\Kitech\Cement\Cement_code_fin\.venv\Scripts\python.exe eval/backtest.py --target blaine --checkpoint C:\Users\lhgdr\Desktop\Kitech\Cement\Cement_code_fin\checkpoints\blaine_ctx256_lora\final --context-length 256 --stride 4 --tag ctx256_lora
----- stdout tail (backtest blaine lora ctx256) -----
Saved backtest results -> C:\Users\lhgdr\Desktop\Kitech\Cement\Cement_code_fin\eval\backtest_blaine_ctx256_lora.csv

=== blaine backtest (C:\Users\lhgdr\Desktop\Kitech\Cement\Cement_code_fin\checkpoints\blaine_ctx256_lora\final) ===
n = 851  (fresh-reading transitions only: True)

--- Naive baseline (repeat last observed reading) ---
MAE=83.767  RMSE=118.862  R2=0.1629  spec-in/out accuracy=66.98%
            Pred IN  Pred OUT
Actual IN       265       139
Actual OUT      142       305

--- Chronos-2 ---
MAE=72.106  RMSE=98.081  R2=0.4300  spec-in/out accuracy=70.15%
            Pred IN  Pred OUT
Actual IN       270       134
Actual OUT      120       327

normalized skill score (per-station model_MAE / naive_MAE, macro-avg) = 0.8621  (beats naive)
macro-average MAE (equal per station) = 72.1421
80% interval (q0.1-q0.9) empirical coverage = 66.16% (target: 80%)
[2026-09-06 18:14:54] DONE  backtest blaine lora ctx256 (0.7 min)
[2026-09-06 18:14:54] START finetune blaine full ctx256
  cmd: C:\Users\lhgdr\Desktop\Kitech\Cement\Cement_code_fin\.venv\Scripts\python.exe train/finetune_chronos2.py --target blaine --finetune-mode full --prediction-length 4 --context-length 256 --learning-rate 1e-6 --num-steps 1000 --batch-size 64 --output-tag ctx256
----- stdout tail (finetune blaine full ctx256) -----
{'eval_loss': '0.007014', 'eval_runtime': '0.0481', 'eval_samples_per_second': '2617', 'eval_steps_per_second': '41.54', 'epoch': '0.3'}
{'loss': '0.008515', 'grad_norm': '0.5577', 'learning_rate': '6.01e-07', 'epoch': '0.4'}
{'eval_loss': '0.007421', 'eval_runtime': '0.0481', 'eval_samples_per_second': '2619', 'eval_steps_per_second': '41.56', 'epoch': '0.4'}
{'loss': '0.009013', 'grad_norm': '0.7351', 'learning_rate': '5.01e-07', 'epoch': '0.5'}
{'eval_loss': '0.007115', 'eval_runtime': '0.05', 'eval_samples_per_second': '2520', 'eval_steps_per_second': '40.01', 'epoch': '0.5'}
{'loss': '0.01108', 'grad_norm': '0.282', 'learning_rate': '4.01e-07', 'epoch': '0.6'}
{'eval_loss': '0.007412', 'eval_runtime': '0.0485', 'eval_samples_per_second': '2596', 'eval_steps_per_second': '41.2', 'epoch': '0.6'}
{'loss': '0.008196', 'grad_norm': '1.057', 'learning_rate': '3.01e-07', 'epoch': '0.7'}
{'eval_loss': '0.007261', 'eval_runtime': '0.0488', 'eval_samples_per_second': '2581', 'eval_steps_per_second': '40.96', 'epoch': '0.7'}
{'loss': '0.007974', 'grad_norm': '0.3366', 'learning_rate': '2.01e-07', 'epoch': '0.8'}
{'eval_loss': '0.007204', 'eval_runtime': '0.0482', 'eval_samples_per_second': '2616', 'eval_steps_per_second': '41.52', 'epoch': '0.8'}
{'loss': '0.009493', 'grad_norm': '0.4315', 'learning_rate': '1.01e-07', 'epoch': '0.9'}
{'eval_loss': '0.007179', 'eval_runtime': '0.0479', 'eval_samples_per_second': '2629', 'eval_steps_per_second': '41.73', 'epoch': '0.9'}
{'loss': '0.008531', 'grad_norm': '0.4521', 'learning_rate': '1e-09', 'epoch': '1'}
{'eval_loss': '0.007205', 'eval_runtime': '0.0486', 'eval_samples_per_second': '2590', 'eval_steps_per_second': '41.11', 'epoch': '1'}
{'train_runtime': '87.56', 'train_samples_per_second': '730.9', 'train_steps_per_second': '11.42', 'train_loss': '0.008574', 'epoch': '1'}
Saved fine-tuned blaine quality net -> C:\Users\lhgdr\Desktop\Kitech\Cement\Cement_code_fin\checkpoints\blaine_ctx256\final
Saved loss history (10 val points) -> C:\Users\lhgdr\Desktop\Kitech\Cement\Cement_code_fin\checkpoints\blaine_ctx256\loss_history.csv
  val_loss: min=0.00654 (step 100), final=0.00720 (step 1000), final-min=+0.00066 <-- val loss rose from its min: overfitting
Saved loss curve -> C:\Users\lhgdr\Desktop\Kitech\Cement\Cement_code_fin\checkpoints\blaine_ctx256\loss_history.png
[2026-09-06 18:16:30] DONE  finetune blaine full ctx256 (1.6 min)
[2026-09-06 18:16:30] START backtest blaine full ctx256
  cmd: C:\Users\lhgdr\Desktop\Kitech\Cement\Cement_code_fin\.venv\Scripts\python.exe eval/backtest.py --target blaine --checkpoint C:\Users\lhgdr\Desktop\Kitech\Cement\Cement_code_fin\checkpoints\blaine_ctx256\final --context-length 256 --stride 4 --tag ctx256_full
----- stdout tail (backtest blaine full ctx256) -----
Saved backtest results -> C:\Users\lhgdr\Desktop\Kitech\Cement\Cement_code_fin\eval\backtest_blaine_ctx256_full.csv

=== blaine backtest (C:\Users\lhgdr\Desktop\Kitech\Cement\Cement_code_fin\checkpoints\blaine_ctx256\final) ===
n = 851  (fresh-reading transitions only: True)

--- Naive baseline (repeat last observed reading) ---
MAE=83.767  RMSE=118.862  R2=0.1629  spec-in/out accuracy=66.98%
            Pred IN  Pred OUT
Actual IN       265       139
Actual OUT      142       305

--- Chronos-2 ---
MAE=70.947  RMSE=96.473  R2=0.4486  spec-in/out accuracy=70.39%
            Pred IN  Pred OUT
Actual IN       263       141
Actual OUT      111       336

normalized skill score (per-station model_MAE / naive_MAE, macro-avg) = 0.8483  (beats naive)
macro-average MAE (equal per station) = 70.9490
80% interval (q0.1-q0.9) empirical coverage = 67.80% (target: 80%)
[2026-09-06 18:17:02] DONE  backtest blaine full ctx256 (0.5 min)
[2026-09-06 18:17:02] START backtest residue zeroshot ctx256
  cmd: C:\Users\lhgdr\Desktop\Kitech\Cement\Cement_code_fin\.venv\Scripts\python.exe eval/backtest.py --target residue --checkpoint amazon/chronos-2 --context-length 256 --stride 4 --tag ctx256_zeroshot
----- stdout tail (backtest residue zeroshot ctx256) -----
Saved backtest results -> C:\Users\lhgdr\Desktop\Kitech\Cement\Cement_code_fin\eval\backtest_residue_ctx256_zeroshot.csv

=== residue backtest (amazon/chronos-2) ===
n = 856  (fresh-reading transitions only: True)

--- Naive baseline (repeat last observed reading) ---
MAE=0.568  RMSE=1.046  R2=0.5778  spec-in/out accuracy=78.50%
            Pred IN  Pred OUT
Actual IN       316       100
Actual OUT       84       356

--- Chronos-2 ---
MAE=0.481  RMSE=0.804  R2=0.7507  spec-in/out accuracy=81.78%
            Pred IN  Pred OUT
Actual IN       334        82
Actual OUT       74       366

normalized skill score (per-station model_MAE / naive_MAE, macro-avg) = 0.8472  (beats naive)
macro-average MAE (equal per station) = 0.4806
80% interval (q0.1-q0.9) empirical coverage = 63.55% (target: 80%)
[2026-09-06 18:17:37] DONE  backtest residue zeroshot ctx256 (0.6 min)
[2026-09-06 18:17:37] START finetune residue lora ctx256
  cmd: C:\Users\lhgdr\Desktop\Kitech\Cement\Cement_code_fin\.venv\Scripts\python.exe train/finetune_chronos2.py --target residue --finetune-mode lora --prediction-length 4 --context-length 256 --learning-rate 1e-5 --num-steps 1000 --batch-size 64 --output-tag ctx256_lora
----- stdout tail (finetune residue lora ctx256) -----
{'eval_loss': '0.01661', 'eval_runtime': '0.0665', 'eval_samples_per_second': '1895', 'eval_steps_per_second': '30.07', 'epoch': '0.3'}
{'loss': '0.008624', 'grad_norm': '0.0537', 'learning_rate': '6.01e-06', 'epoch': '0.4'}
{'eval_loss': '0.01668', 'eval_runtime': '0.069', 'eval_samples_per_second': '1825', 'eval_steps_per_second': '28.97', 'epoch': '0.4'}
{'loss': '0.01043', 'grad_norm': '0.0392', 'learning_rate': '5.01e-06', 'epoch': '0.5'}
{'eval_loss': '0.01658', 'eval_runtime': '0.0681', 'eval_samples_per_second': '1850', 'eval_steps_per_second': '29.37', 'epoch': '0.5'}
{'loss': '0.009952', 'grad_norm': '0.05645', 'learning_rate': '4.01e-06', 'epoch': '0.6'}
{'eval_loss': '0.01656', 'eval_runtime': '0.0667', 'eval_samples_per_second': '1888', 'eval_steps_per_second': '29.96', 'epoch': '0.6'}
{'loss': '0.009683', 'grad_norm': '0.1176', 'learning_rate': '3.01e-06', 'epoch': '0.7'}
{'eval_loss': '0.01643', 'eval_runtime': '0.0665', 'eval_samples_per_second': '1894', 'eval_steps_per_second': '30.07', 'epoch': '0.7'}
{'loss': '0.008733', 'grad_norm': '0.05747', 'learning_rate': '2.01e-06', 'epoch': '0.8'}
{'eval_loss': '0.01642', 'eval_runtime': '0.0672', 'eval_samples_per_second': '1874', 'eval_steps_per_second': '29.75', 'epoch': '0.8'}
{'loss': '0.01019', 'grad_norm': '0.02399', 'learning_rate': '1.01e-06', 'epoch': '0.9'}
{'eval_loss': '0.0164', 'eval_runtime': '0.0654', 'eval_samples_per_second': '1926', 'eval_steps_per_second': '30.57', 'epoch': '0.9'}
{'loss': '0.009531', 'grad_norm': '0.04237', 'learning_rate': '1e-08', 'epoch': '1'}
{'eval_loss': '0.01638', 'eval_runtime': '0.0666', 'eval_samples_per_second': '1891', 'eval_steps_per_second': '30.02', 'epoch': '1'}
{'train_runtime': '86.99', 'train_samples_per_second': '735.7', 'train_steps_per_second': '11.49', 'train_loss': '0.009526', 'epoch': '1'}
Saved fine-tuned residue quality net -> C:\Users\lhgdr\Desktop\Kitech\Cement\Cement_code_fin\checkpoints\residue_ctx256_lora\final
Saved loss history (10 val points) -> C:\Users\lhgdr\Desktop\Kitech\Cement\Cement_code_fin\checkpoints\residue_ctx256_lora\loss_history.csv
  val_loss: min=0.01638 (step 1000), final=0.01638 (step 1000), final-min=+0.00000
Saved loss curve -> C:\Users\lhgdr\Desktop\Kitech\Cement\Cement_code_fin\checkpoints\residue_ctx256_lora\loss_history.png
[2026-09-06 18:19:12] DONE  finetune residue lora ctx256 (1.6 min)
[2026-09-06 18:19:12] START backtest residue lora ctx256
  cmd: C:\Users\lhgdr\Desktop\Kitech\Cement\Cement_code_fin\.venv\Scripts\python.exe eval/backtest.py --target residue --checkpoint C:\Users\lhgdr\Desktop\Kitech\Cement\Cement_code_fin\checkpoints\residue_ctx256_lora\final --context-length 256 --stride 4 --tag ctx256_lora
----- stdout tail (backtest residue lora ctx256) -----
Saved backtest results -> C:\Users\lhgdr\Desktop\Kitech\Cement\Cement_code_fin\eval\backtest_residue_ctx256_lora.csv

=== residue backtest (C:\Users\lhgdr\Desktop\Kitech\Cement\Cement_code_fin\checkpoints\residue_ctx256_lora\final) ===
n = 856  (fresh-reading transitions only: True)

--- Naive baseline (repeat last observed reading) ---
MAE=0.568  RMSE=1.046  R2=0.5778  spec-in/out accuracy=78.50%
            Pred IN  Pred OUT
Actual IN       316       100
Actual OUT       84       356

--- Chronos-2 ---
MAE=0.474  RMSE=0.798  R2=0.7543  spec-in/out accuracy=82.36%
            Pred IN  Pred OUT
Actual IN       342        74
Actual OUT       77       363

normalized skill score (per-station model_MAE / naive_MAE, macro-avg) = 0.8339  (beats naive)
macro-average MAE (equal per station) = 0.4731
80% interval (q0.1-q0.9) empirical coverage = 66.82% (target: 80%)
[2026-09-06 18:19:53] DONE  backtest residue lora ctx256 (0.7 min)
[2026-09-06 18:19:53] START finetune residue full ctx256
  cmd: C:\Users\lhgdr\Desktop\Kitech\Cement\Cement_code_fin\.venv\Scripts\python.exe train/finetune_chronos2.py --target residue --finetune-mode full --prediction-length 4 --context-length 256 --learning-rate 1e-6 --num-steps 1000 --batch-size 64 --output-tag ctx256
----- stdout tail (finetune residue full ctx256) -----
{'eval_loss': '0.01562', 'eval_runtime': '0.0482', 'eval_samples_per_second': '2612', 'eval_steps_per_second': '41.46', 'epoch': '0.3'}
{'loss': '0.007838', 'grad_norm': '0.6863', 'learning_rate': '6.01e-07', 'epoch': '0.4'}
{'eval_loss': '0.01538', 'eval_runtime': '0.0486', 'eval_samples_per_second': '2592', 'eval_steps_per_second': '41.14', 'epoch': '0.4'}
{'loss': '0.009653', 'grad_norm': '1.052', 'learning_rate': '5.01e-07', 'epoch': '0.5'}
{'eval_loss': '0.01541', 'eval_runtime': '0.0504', 'eval_samples_per_second': '2502', 'eval_steps_per_second': '39.71', 'epoch': '0.5'}
{'loss': '0.009342', 'grad_norm': '0.7352', 'learning_rate': '4.01e-07', 'epoch': '0.6'}
{'eval_loss': '0.01582', 'eval_runtime': '0.0488', 'eval_samples_per_second': '2580', 'eval_steps_per_second': '40.95', 'epoch': '0.6'}
{'loss': '0.008686', 'grad_norm': '1.409', 'learning_rate': '3.01e-07', 'epoch': '0.7'}
{'eval_loss': '0.01525', 'eval_runtime': '0.0489', 'eval_samples_per_second': '2574', 'eval_steps_per_second': '40.86', 'epoch': '0.7'}
{'loss': '0.00788', 'grad_norm': '1.137', 'learning_rate': '2.01e-07', 'epoch': '0.8'}
{'eval_loss': '0.01588', 'eval_runtime': '0.0473', 'eval_samples_per_second': '2662', 'eval_steps_per_second': '42.25', 'epoch': '0.8'}
{'loss': '0.009111', 'grad_norm': '0.5357', 'learning_rate': '1.01e-07', 'epoch': '0.9'}
{'eval_loss': '0.01577', 'eval_runtime': '0.0477', 'eval_samples_per_second': '2640', 'eval_steps_per_second': '41.9', 'epoch': '0.9'}
{'loss': '0.008186', 'grad_norm': '0.4359', 'learning_rate': '1e-09', 'epoch': '1'}
{'eval_loss': '0.01581', 'eval_runtime': '0.0477', 'eval_samples_per_second': '2643', 'eval_steps_per_second': '41.95', 'epoch': '1'}
{'train_runtime': '87.7', 'train_samples_per_second': '729.8', 'train_steps_per_second': '11.4', 'train_loss': '0.008787', 'epoch': '1'}
Saved fine-tuned residue quality net -> C:\Users\lhgdr\Desktop\Kitech\Cement\Cement_code_fin\checkpoints\residue_ctx256\final
Saved loss history (10 val points) -> C:\Users\lhgdr\Desktop\Kitech\Cement\Cement_code_fin\checkpoints\residue_ctx256\loss_history.csv
  val_loss: min=0.01525 (step 700), final=0.01581 (step 1000), final-min=+0.00056 <-- val loss rose from its min: overfitting
Saved loss curve -> C:\Users\lhgdr\Desktop\Kitech\Cement\Cement_code_fin\checkpoints\residue_ctx256\loss_history.png
[2026-09-06 18:21:29] DONE  finetune residue full ctx256 (1.6 min)
[2026-09-06 18:21:29] START backtest residue full ctx256
  cmd: C:\Users\lhgdr\Desktop\Kitech\Cement\Cement_code_fin\.venv\Scripts\python.exe eval/backtest.py --target residue --checkpoint C:\Users\lhgdr\Desktop\Kitech\Cement\Cement_code_fin\checkpoints\residue_ctx256\final --context-length 256 --stride 4 --tag ctx256_full
----- stdout tail (backtest residue full ctx256) -----
Saved backtest results -> C:\Users\lhgdr\Desktop\Kitech\Cement\Cement_code_fin\eval\backtest_residue_ctx256_full.csv

=== residue backtest (C:\Users\lhgdr\Desktop\Kitech\Cement\Cement_code_fin\checkpoints\residue_ctx256\final) ===
n = 856  (fresh-reading transitions only: True)

--- Naive baseline (repeat last observed reading) ---
MAE=0.568  RMSE=1.046  R2=0.5778  spec-in/out accuracy=78.50%
            Pred IN  Pred OUT
Actual IN       316       100
Actual OUT       84       356

--- Chronos-2 ---
MAE=0.459  RMSE=0.772  R2=0.7701  spec-in/out accuracy=83.06%
            Pred IN  Pred OUT
Actual IN       345        71
Actual OUT       74       366

normalized skill score (per-station model_MAE / naive_MAE, macro-avg) = 0.8086  (beats naive)
macro-average MAE (equal per station) = 0.4581
80% interval (q0.1-q0.9) empirical coverage = 69.74% (target: 80%)
[2026-09-06 18:22:02] DONE  backtest residue full ctx256 (0.5 min)
[2026-09-06 18:22:02] START backtest blaine zeroshot ctx384
  cmd: C:\Users\lhgdr\Desktop\Kitech\Cement\Cement_code_fin\.venv\Scripts\python.exe eval/backtest.py --target blaine --checkpoint amazon/chronos-2 --context-length 384 --stride 4 --tag ctx384_zeroshot
----- stdout tail (backtest blaine zeroshot ctx384) -----
Saved backtest results -> C:\Users\lhgdr\Desktop\Kitech\Cement\Cement_code_fin\eval\backtest_blaine_ctx384_zeroshot.csv

=== blaine backtest (amazon/chronos-2) ===
n = 851  (fresh-reading transitions only: True)

--- Naive baseline (repeat last observed reading) ---
MAE=83.767  RMSE=118.862  R2=0.1629  spec-in/out accuracy=66.98%
            Pred IN  Pred OUT
Actual IN       265       139
Actual OUT      142       305

--- Chronos-2 ---
MAE=72.018  RMSE=97.446  R2=0.4374  spec-in/out accuracy=69.33%
            Pred IN  Pred OUT
Actual IN       260       144
Actual OUT      117       330

normalized skill score (per-station model_MAE / naive_MAE, macro-avg) = 0.8619  (beats naive)
macro-average MAE (equal per station) = 72.0636
80% interval (q0.1-q0.9) empirical coverage = 66.75% (target: 80%)
[2026-09-06 18:22:48] DONE  backtest blaine zeroshot ctx384 (0.8 min)
[2026-09-06 18:22:48] START finetune blaine lora ctx384
  cmd: C:\Users\lhgdr\Desktop\Kitech\Cement\Cement_code_fin\.venv\Scripts\python.exe train/finetune_chronos2.py --target blaine --finetune-mode lora --prediction-length 4 --context-length 384 --learning-rate 1e-5 --num-steps 1000 --batch-size 64 --output-tag ctx384_lora
----- stdout tail (finetune blaine lora ctx384) -----
{'eval_loss': '0.00478', 'eval_runtime': '0.076', 'eval_samples_per_second': '1657', 'eval_steps_per_second': '26.31', 'epoch': '0.3'}
{'loss': '0.008374', 'grad_norm': '0.06944', 'learning_rate': '6.01e-06', 'epoch': '0.4'}
{'eval_loss': '0.004919', 'eval_runtime': '0.0756', 'eval_samples_per_second': '1668', 'eval_steps_per_second': '26.47', 'epoch': '0.4'}
{'loss': '0.008604', 'grad_norm': '0.0565', 'learning_rate': '5.01e-06', 'epoch': '0.5'}
{'eval_loss': '0.005024', 'eval_runtime': '0.0727', 'eval_samples_per_second': '1734', 'eval_steps_per_second': '27.52', 'epoch': '0.5'}
{'loss': '0.008556', 'grad_norm': '0.03673', 'learning_rate': '4.01e-06', 'epoch': '0.6'}
{'eval_loss': '0.005002', 'eval_runtime': '0.0805', 'eval_samples_per_second': '1565', 'eval_steps_per_second': '24.85', 'epoch': '0.6'}
{'loss': '0.008033', 'grad_norm': '0.1554', 'learning_rate': '3.01e-06', 'epoch': '0.7'}
{'eval_loss': '0.005028', 'eval_runtime': '0.0751', 'eval_samples_per_second': '1677', 'eval_steps_per_second': '26.62', 'epoch': '0.7'}
{'loss': '0.007896', 'grad_norm': '0.02986', 'learning_rate': '2.01e-06', 'epoch': '0.8'}
{'eval_loss': '0.00501', 'eval_runtime': '0.0756', 'eval_samples_per_second': '1666', 'eval_steps_per_second': '26.44', 'epoch': '0.8'}
{'loss': '0.007799', 'grad_norm': '0.06282', 'learning_rate': '1.01e-06', 'epoch': '0.9'}
{'eval_loss': '0.005013', 'eval_runtime': '0.0839', 'eval_samples_per_second': '1502', 'eval_steps_per_second': '23.84', 'epoch': '0.9'}
{'loss': '0.008577', 'grad_norm': '0.06647', 'learning_rate': '1e-08', 'epoch': '1'}
{'eval_loss': '0.005033', 'eval_runtime': '0.0805', 'eval_samples_per_second': '1565', 'eval_steps_per_second': '24.85', 'epoch': '1'}
{'train_runtime': '109.7', 'train_samples_per_second': '583.3', 'train_steps_per_second': '9.114', 'train_loss': '0.007921', 'epoch': '1'}
Saved fine-tuned blaine quality net -> C:\Users\lhgdr\Desktop\Kitech\Cement\Cement_code_fin\checkpoints\blaine_ctx384_lora\final
Saved loss history (10 val points) -> C:\Users\lhgdr\Desktop\Kitech\Cement\Cement_code_fin\checkpoints\blaine_ctx384_lora\loss_history.csv
  val_loss: min=0.00461 (step 100), final=0.00503 (step 1000), final-min=+0.00043 <-- val loss rose from its min: overfitting
Saved loss curve -> C:\Users\lhgdr\Desktop\Kitech\Cement\Cement_code_fin\checkpoints\blaine_ctx384_lora\loss_history.png
[2026-09-06 18:24:47] DONE  finetune blaine lora ctx384 (2.0 min)
[2026-09-06 18:24:47] START backtest blaine lora ctx384
  cmd: C:\Users\lhgdr\Desktop\Kitech\Cement\Cement_code_fin\.venv\Scripts\python.exe eval/backtest.py --target blaine --checkpoint C:\Users\lhgdr\Desktop\Kitech\Cement\Cement_code_fin\checkpoints\blaine_ctx384_lora\final --context-length 384 --stride 4 --tag ctx384_lora
----- stdout tail (backtest blaine lora ctx384) -----
Saved backtest results -> C:\Users\lhgdr\Desktop\Kitech\Cement\Cement_code_fin\eval\backtest_blaine_ctx384_lora.csv

=== blaine backtest (C:\Users\lhgdr\Desktop\Kitech\Cement\Cement_code_fin\checkpoints\blaine_ctx384_lora\final) ===
n = 851  (fresh-reading transitions only: True)

--- Naive baseline (repeat last observed reading) ---
MAE=83.767  RMSE=118.862  R2=0.1629  spec-in/out accuracy=66.98%
            Pred IN  Pred OUT
Actual IN       265       139
Actual OUT      142       305

--- Chronos-2 ---
MAE=71.539  RMSE=96.809  R2=0.4447  spec-in/out accuracy=69.57%
            Pred IN  Pred OUT
Actual IN       265       139
Actual OUT      120       327

normalized skill score (per-station model_MAE / naive_MAE, macro-avg) = 0.8560  (beats naive)
macro-average MAE (equal per station) = 71.5763
80% interval (q0.1-q0.9) empirical coverage = 66.75% (target: 80%)
[2026-09-06 18:25:42] DONE  backtest blaine lora ctx384 (0.9 min)
[2026-09-06 18:25:42] START finetune blaine full ctx384
  cmd: C:\Users\lhgdr\Desktop\Kitech\Cement\Cement_code_fin\.venv\Scripts\python.exe train/finetune_chronos2.py --target blaine --finetune-mode full --prediction-length 4 --context-length 384 --learning-rate 1e-6 --num-steps 1000 --batch-size 64 --output-tag ctx384
----- stdout tail (finetune blaine full ctx384) -----
{'eval_loss': '0.00554', 'eval_runtime': '0.0688', 'eval_samples_per_second': '1832', 'eval_steps_per_second': '29.09', 'epoch': '0.3'}
{'loss': '0.008123', 'grad_norm': '0.642', 'learning_rate': '6.01e-07', 'epoch': '0.4'}
{'eval_loss': '0.005866', 'eval_runtime': '0.0589', 'eval_samples_per_second': '2141', 'eval_steps_per_second': '33.98', 'epoch': '0.4'}
{'loss': '0.008394', 'grad_norm': '0.6563', 'learning_rate': '5.01e-07', 'epoch': '0.5'}
{'eval_loss': '0.005401', 'eval_runtime': '0.0599', 'eval_samples_per_second': '2103', 'eval_steps_per_second': '33.37', 'epoch': '0.5'}
{'loss': '0.008316', 'grad_norm': '0.3828', 'learning_rate': '4.01e-07', 'epoch': '0.6'}
{'eval_loss': '0.005877', 'eval_runtime': '0.0579', 'eval_samples_per_second': '2177', 'eval_steps_per_second': '34.55', 'epoch': '0.6'}
{'loss': '0.007594', 'grad_norm': '1.949', 'learning_rate': '3.01e-07', 'epoch': '0.7'}
{'eval_loss': '0.006035', 'eval_runtime': '0.0584', 'eval_samples_per_second': '2157', 'eval_steps_per_second': '34.23', 'epoch': '0.7'}
{'loss': '0.007508', 'grad_norm': '0.2914', 'learning_rate': '2.01e-07', 'epoch': '0.8'}
{'eval_loss': '0.005777', 'eval_runtime': '0.0623', 'eval_samples_per_second': '2021', 'eval_steps_per_second': '32.08', 'epoch': '0.8'}
{'loss': '0.007655', 'grad_norm': '0.5024', 'learning_rate': '1.01e-07', 'epoch': '0.9'}
{'eval_loss': '0.005771', 'eval_runtime': '0.0632', 'eval_samples_per_second': '1994', 'eval_steps_per_second': '31.65', 'epoch': '0.9'}
{'loss': '0.00829', 'grad_norm': '1.059', 'learning_rate': '1e-09', 'epoch': '1'}
{'eval_loss': '0.005845', 'eval_runtime': '0.0582', 'eval_samples_per_second': '2167', 'eval_steps_per_second': '34.39', 'epoch': '1'}
{'train_runtime': '116.8', 'train_samples_per_second': '548.1', 'train_steps_per_second': '8.564', 'train_loss': '0.007726', 'epoch': '1'}
Saved fine-tuned blaine quality net -> C:\Users\lhgdr\Desktop\Kitech\Cement\Cement_code_fin\checkpoints\blaine_ctx384\final
Saved loss history (10 val points) -> C:\Users\lhgdr\Desktop\Kitech\Cement\Cement_code_fin\checkpoints\blaine_ctx384\loss_history.csv
  val_loss: min=0.00502 (step 100), final=0.00585 (step 1000), final-min=+0.00083 <-- val loss rose from its min: overfitting
Saved loss curve -> C:\Users\lhgdr\Desktop\Kitech\Cement\Cement_code_fin\checkpoints\blaine_ctx384\loss_history.png
[2026-09-06 18:27:47] DONE  finetune blaine full ctx384 (2.1 min)
[2026-09-06 18:27:47] START backtest blaine full ctx384
  cmd: C:\Users\lhgdr\Desktop\Kitech\Cement\Cement_code_fin\.venv\Scripts\python.exe eval/backtest.py --target blaine --checkpoint C:\Users\lhgdr\Desktop\Kitech\Cement\Cement_code_fin\checkpoints\blaine_ctx384\final --context-length 384 --stride 4 --tag ctx384_full
----- stdout tail (backtest blaine full ctx384) -----
Saved backtest results -> C:\Users\lhgdr\Desktop\Kitech\Cement\Cement_code_fin\eval\backtest_blaine_ctx384_full.csv

=== blaine backtest (C:\Users\lhgdr\Desktop\Kitech\Cement\Cement_code_fin\checkpoints\blaine_ctx384\final) ===
n = 851  (fresh-reading transitions only: True)

--- Naive baseline (repeat last observed reading) ---
MAE=83.767  RMSE=118.862  R2=0.1629  spec-in/out accuracy=66.98%
            Pred IN  Pred OUT
Actual IN       265       139
Actual OUT      142       305

--- Chronos-2 ---
MAE=70.043  RMSE=94.574  R2=0.4701  spec-in/out accuracy=70.04%
            Pred IN  Pred OUT
Actual IN       270       134
Actual OUT      121       326

normalized skill score (per-station model_MAE / naive_MAE, macro-avg) = 0.8376  (beats naive)
macro-average MAE (equal per station) = 70.0466
80% interval (q0.1-q0.9) empirical coverage = 64.98% (target: 80%)
[2026-09-06 18:28:32] DONE  backtest blaine full ctx384 (0.8 min)
[2026-09-06 18:28:32] START backtest residue zeroshot ctx384
  cmd: C:\Users\lhgdr\Desktop\Kitech\Cement\Cement_code_fin\.venv\Scripts\python.exe eval/backtest.py --target residue --checkpoint amazon/chronos-2 --context-length 384 --stride 4 --tag ctx384_zeroshot
----- stdout tail (backtest residue zeroshot ctx384) -----
Saved backtest results -> C:\Users\lhgdr\Desktop\Kitech\Cement\Cement_code_fin\eval\backtest_residue_ctx384_zeroshot.csv

=== residue backtest (amazon/chronos-2) ===
n = 856  (fresh-reading transitions only: True)

--- Naive baseline (repeat last observed reading) ---
MAE=0.568  RMSE=1.046  R2=0.5778  spec-in/out accuracy=78.50%
            Pred IN  Pred OUT
Actual IN       316       100
Actual OUT       84       356

--- Chronos-2 ---
MAE=0.479  RMSE=0.807  R2=0.7484  spec-in/out accuracy=82.13%
            Pred IN  Pred OUT
Actual IN       340        76
Actual OUT       77       363

normalized skill score (per-station model_MAE / naive_MAE, macro-avg) = 0.8435  (beats naive)
macro-average MAE (equal per station) = 0.4785
80% interval (q0.1-q0.9) empirical coverage = 66.24% (target: 80%)
[2026-09-06 18:29:19] DONE  backtest residue zeroshot ctx384 (0.8 min)
[2026-09-06 18:29:19] START finetune residue lora ctx384
  cmd: C:\Users\lhgdr\Desktop\Kitech\Cement\Cement_code_fin\.venv\Scripts\python.exe train/finetune_chronos2.py --target residue --finetune-mode lora --prediction-length 4 --context-length 384 --learning-rate 1e-5 --num-steps 1000 --batch-size 64 --output-tag ctx384_lora
----- stdout tail (finetune residue lora ctx384) -----
{'eval_loss': '0.01775', 'eval_runtime': '0.0862', 'eval_samples_per_second': '1462', 'eval_steps_per_second': '23.2', 'epoch': '0.3'}
{'loss': '0.008341', 'grad_norm': '0.05037', 'learning_rate': '6.01e-06', 'epoch': '0.4'}
{'eval_loss': '0.01769', 'eval_runtime': '0.0816', 'eval_samples_per_second': '1545', 'eval_steps_per_second': '24.52', 'epoch': '0.4'}
{'loss': '0.01022', 'grad_norm': '0.0495', 'learning_rate': '5.01e-06', 'epoch': '0.5'}
{'eval_loss': '0.01745', 'eval_runtime': '0.0788', 'eval_samples_per_second': '1599', 'eval_steps_per_second': '25.37', 'epoch': '0.5'}
{'loss': '0.008951', 'grad_norm': '0.0493', 'learning_rate': '4.01e-06', 'epoch': '0.6'}
{'eval_loss': '0.01744', 'eval_runtime': '0.0826', 'eval_samples_per_second': '1526', 'eval_steps_per_second': '24.22', 'epoch': '0.6'}
{'loss': '0.009236', 'grad_norm': '0.1009', 'learning_rate': '3.01e-06', 'epoch': '0.7'}
{'eval_loss': '0.01735', 'eval_runtime': '0.0773', 'eval_samples_per_second': '1631', 'eval_steps_per_second': '25.89', 'epoch': '0.7'}
{'loss': '0.00838', 'grad_norm': '0.0584', 'learning_rate': '2.01e-06', 'epoch': '0.8'}
{'eval_loss': '0.01731', 'eval_runtime': '0.0773', 'eval_samples_per_second': '1631', 'eval_steps_per_second': '25.88', 'epoch': '0.8'}
{'loss': '0.008601', 'grad_norm': '0.02507', 'learning_rate': '1.01e-06', 'epoch': '0.9'}
{'eval_loss': '0.01728', 'eval_runtime': '0.0771', 'eval_samples_per_second': '1634', 'eval_steps_per_second': '25.94', 'epoch': '0.9'}
{'loss': '0.008922', 'grad_norm': '0.04129', 'learning_rate': '1e-08', 'epoch': '1'}
{'eval_loss': '0.01727', 'eval_runtime': '0.0748', 'eval_samples_per_second': '1685', 'eval_steps_per_second': '26.75', 'epoch': '1'}
{'train_runtime': '111.1', 'train_samples_per_second': '576.3', 'train_steps_per_second': '9.004', 'train_loss': '0.009035', 'epoch': '1'}
Saved fine-tuned residue quality net -> C:\Users\lhgdr\Desktop\Kitech\Cement\Cement_code_fin\checkpoints\residue_ctx384_lora\final
Saved loss history (10 val points) -> C:\Users\lhgdr\Desktop\Kitech\Cement\Cement_code_fin\checkpoints\residue_ctx384_lora\loss_history.csv
  val_loss: min=0.01727 (step 1000), final=0.01727 (step 1000), final-min=+0.00000
Saved loss curve -> C:\Users\lhgdr\Desktop\Kitech\Cement\Cement_code_fin\checkpoints\residue_ctx384_lora\loss_history.png
[2026-09-06 18:31:18] DONE  finetune residue lora ctx384 (2.0 min)
[2026-09-06 18:31:18] START backtest residue lora ctx384
  cmd: C:\Users\lhgdr\Desktop\Kitech\Cement\Cement_code_fin\.venv\Scripts\python.exe eval/backtest.py --target residue --checkpoint C:\Users\lhgdr\Desktop\Kitech\Cement\Cement_code_fin\checkpoints\residue_ctx384_lora\final --context-length 384 --stride 4 --tag ctx384_lora
----- stdout tail (backtest residue lora ctx384) -----
Saved backtest results -> C:\Users\lhgdr\Desktop\Kitech\Cement\Cement_code_fin\eval\backtest_residue_ctx384_lora.csv

=== residue backtest (C:\Users\lhgdr\Desktop\Kitech\Cement\Cement_code_fin\checkpoints\residue_ctx384_lora\final) ===
n = 856  (fresh-reading transitions only: True)

--- Naive baseline (repeat last observed reading) ---
MAE=0.568  RMSE=1.046  R2=0.5778  spec-in/out accuracy=78.50%
            Pred IN  Pred OUT
Actual IN       316       100
Actual OUT       84       356

--- Chronos-2 ---
MAE=0.473  RMSE=0.803  R2=0.7514  spec-in/out accuracy=82.94%
            Pred IN  Pred OUT
Actual IN       345        71
Actual OUT       75       365

normalized skill score (per-station model_MAE / naive_MAE, macro-avg) = 0.8317  (beats naive)
macro-average MAE (equal per station) = 0.4720
80% interval (q0.1-q0.9) empirical coverage = 68.46% (target: 80%)
[2026-09-06 18:32:13] DONE  backtest residue lora ctx384 (0.9 min)
[2026-09-06 18:32:13] START finetune residue full ctx384
  cmd: C:\Users\lhgdr\Desktop\Kitech\Cement\Cement_code_fin\.venv\Scripts\python.exe train/finetune_chronos2.py --target residue --finetune-mode full --prediction-length 4 --context-length 384 --learning-rate 1e-6 --num-steps 1000 --batch-size 64 --output-tag ctx384
----- stdout tail (finetune residue full ctx384) -----
{'eval_loss': '0.0158', 'eval_runtime': '0.058', 'eval_samples_per_second': '2171', 'eval_steps_per_second': '34.47', 'epoch': '0.3'}
{'loss': '0.007296', 'grad_norm': '0.982', 'learning_rate': '6.01e-07', 'epoch': '0.4'}
{'eval_loss': '0.01551', 'eval_runtime': '0.0636', 'eval_samples_per_second': '1982', 'eval_steps_per_second': '31.46', 'epoch': '0.4'}
{'loss': '0.009097', 'grad_norm': '1.082', 'learning_rate': '5.01e-07', 'epoch': '0.5'}
{'eval_loss': '0.01504', 'eval_runtime': '0.0591', 'eval_samples_per_second': '2132', 'eval_steps_per_second': '33.84', 'epoch': '0.5'}
{'loss': '0.008069', 'grad_norm': '1.201', 'learning_rate': '4.01e-07', 'epoch': '0.6'}
{'eval_loss': '0.01597', 'eval_runtime': '0.0583', 'eval_samples_per_second': '2161', 'eval_steps_per_second': '34.3', 'epoch': '0.6'}
{'loss': '0.007586', 'grad_norm': '1.765', 'learning_rate': '3.01e-07', 'epoch': '0.7'}
{'eval_loss': '0.01537', 'eval_runtime': '0.0583', 'eval_samples_per_second': '2162', 'eval_steps_per_second': '34.31', 'epoch': '0.7'}
{'loss': '0.007416', 'grad_norm': '0.8566', 'learning_rate': '2.01e-07', 'epoch': '0.8'}
{'eval_loss': '0.01553', 'eval_runtime': '0.0609', 'eval_samples_per_second': '2068', 'eval_steps_per_second': '32.82', 'epoch': '0.8'}
{'loss': '0.00769', 'grad_norm': '0.4173', 'learning_rate': '1.01e-07', 'epoch': '0.9'}
{'eval_loss': '0.01559', 'eval_runtime': '0.0582', 'eval_samples_per_second': '2165', 'eval_steps_per_second': '34.36', 'epoch': '0.9'}
{'loss': '0.007211', 'grad_norm': '0.71', 'learning_rate': '1e-09', 'epoch': '1'}
{'eval_loss': '0.01554', 'eval_runtime': '0.0578', 'eval_samples_per_second': '2181', 'eval_steps_per_second': '34.62', 'epoch': '1'}
{'train_runtime': '116.8', 'train_samples_per_second': '548', 'train_steps_per_second': '8.563', 'train_loss': '0.008068', 'epoch': '1'}
Saved fine-tuned residue quality net -> C:\Users\lhgdr\Desktop\Kitech\Cement\Cement_code_fin\checkpoints\residue_ctx384\final
Saved loss history (10 val points) -> C:\Users\lhgdr\Desktop\Kitech\Cement\Cement_code_fin\checkpoints\residue_ctx384\loss_history.csv
  val_loss: min=0.01504 (step 500), final=0.01554 (step 1000), final-min=+0.00050 <-- val loss rose from its min: overfitting
Saved loss curve -> C:\Users\lhgdr\Desktop\Kitech\Cement\Cement_code_fin\checkpoints\residue_ctx384\loss_history.png
[2026-09-06 18:34:18] DONE  finetune residue full ctx384 (2.1 min)
[2026-09-06 18:34:18] START backtest residue full ctx384
  cmd: C:\Users\lhgdr\Desktop\Kitech\Cement\Cement_code_fin\.venv\Scripts\python.exe eval/backtest.py --target residue --checkpoint C:\Users\lhgdr\Desktop\Kitech\Cement\Cement_code_fin\checkpoints\residue_ctx384\final --context-length 384 --stride 4 --tag ctx384_full
----- stdout tail (backtest residue full ctx384) -----
Saved backtest results -> C:\Users\lhgdr\Desktop\Kitech\Cement\Cement_code_fin\eval\backtest_residue_ctx384_full.csv

=== residue backtest (C:\Users\lhgdr\Desktop\Kitech\Cement\Cement_code_fin\checkpoints\residue_ctx384\final) ===
n = 856  (fresh-reading transitions only: True)

--- Naive baseline (repeat last observed reading) ---
MAE=0.568  RMSE=1.046  R2=0.5778  spec-in/out accuracy=78.50%
            Pred IN  Pred OUT
Actual IN       316       100
Actual OUT       84       356

--- Chronos-2 ---
MAE=0.462  RMSE=0.787  R2=0.7611  spec-in/out accuracy=82.59%
            Pred IN  Pred OUT
Actual IN       342        74
Actual OUT       75       365

normalized skill score (per-station model_MAE / naive_MAE, macro-avg) = 0.8147  (beats naive)
macro-average MAE (equal per station) = 0.4618
80% interval (q0.1-q0.9) empirical coverage = 68.69% (target: 80%)
[2026-09-06 18:35:04] DONE  backtest residue full ctx384 (0.8 min)
[2026-09-06 18:35:04] SKIP  backtest blaine zeroshot ctx512 (csv exists)
[2026-09-06 18:35:04] START finetune blaine lora ctx512
  cmd: C:\Users\lhgdr\Desktop\Kitech\Cement\Cement_code_fin\.venv\Scripts\python.exe train/finetune_chronos2.py --target blaine --finetune-mode lora --prediction-length 4 --context-length 512 --learning-rate 1e-5 --num-steps 1000 --batch-size 64 --output-tag ctx512_lora
----- stdout tail (finetune blaine lora ctx512) -----
{'eval_loss': '0.004767', 'eval_runtime': '0.0861', 'eval_samples_per_second': '1463', 'eval_steps_per_second': '23.22', 'epoch': '0.3'}
{'loss': '0.008445', 'grad_norm': '0.06264', 'learning_rate': '6.01e-06', 'epoch': '0.4'}
{'eval_loss': '0.004914', 'eval_runtime': '0.093', 'eval_samples_per_second': '1354', 'eval_steps_per_second': '21.49', 'epoch': '0.4'}
{'loss': '0.008149', 'grad_norm': '0.06226', 'learning_rate': '5.01e-06', 'epoch': '0.5'}
{'eval_loss': '0.004939', 'eval_runtime': '0.086', 'eval_samples_per_second': '1466', 'eval_steps_per_second': '23.27', 'epoch': '0.5'}
{'loss': '0.008715', 'grad_norm': '0.03521', 'learning_rate': '4.01e-06', 'epoch': '0.6'}
{'eval_loss': '0.004957', 'eval_runtime': '0.09', 'eval_samples_per_second': '1400', 'eval_steps_per_second': '22.21', 'epoch': '0.6'}
{'loss': '0.007863', 'grad_norm': '0.07657', 'learning_rate': '3.01e-06', 'epoch': '0.7'}
{'eval_loss': '0.004976', 'eval_runtime': '0.0862', 'eval_samples_per_second': '1462', 'eval_steps_per_second': '23.21', 'epoch': '0.7'}
{'loss': '0.007993', 'grad_norm': '0.03023', 'learning_rate': '2.01e-06', 'epoch': '0.8'}
{'eval_loss': '0.004987', 'eval_runtime': '0.0859', 'eval_samples_per_second': '1466', 'eval_steps_per_second': '23.27', 'epoch': '0.8'}
{'loss': '0.007273', 'grad_norm': '0.04697', 'learning_rate': '1.01e-06', 'epoch': '0.9'}
{'eval_loss': '0.004991', 'eval_runtime': '0.0861', 'eval_samples_per_second': '1464', 'eval_steps_per_second': '23.23', 'epoch': '0.9'}
{'loss': '0.008102', 'grad_norm': '0.06798', 'learning_rate': '1e-08', 'epoch': '1'}
{'eval_loss': '0.004998', 'eval_runtime': '0.0855', 'eval_samples_per_second': '1474', 'eval_steps_per_second': '23.4', 'epoch': '1'}
{'train_runtime': '138.6', 'train_samples_per_second': '461.7', 'train_steps_per_second': '7.215', 'train_loss': '0.007766', 'epoch': '1'}
Saved fine-tuned blaine quality net -> C:\Users\lhgdr\Desktop\Kitech\Cement\Cement_code_fin\checkpoints\blaine_ctx512_lora\final
Saved loss history (10 val points) -> C:\Users\lhgdr\Desktop\Kitech\Cement\Cement_code_fin\checkpoints\blaine_ctx512_lora\loss_history.csv
  val_loss: min=0.00457 (step 100), final=0.00500 (step 1000), final-min=+0.00043 <-- val loss rose from its min: overfitting
Saved loss curve -> C:\Users\lhgdr\Desktop\Kitech\Cement\Cement_code_fin\checkpoints\blaine_ctx512_lora\loss_history.png
[2026-09-06 18:37:31] DONE  finetune blaine lora ctx512 (2.5 min)
[2026-09-06 18:37:31] START backtest blaine lora ctx512
  cmd: C:\Users\lhgdr\Desktop\Kitech\Cement\Cement_code_fin\.venv\Scripts\python.exe eval/backtest.py --target blaine --checkpoint C:\Users\lhgdr\Desktop\Kitech\Cement\Cement_code_fin\checkpoints\blaine_ctx512_lora\final --context-length 512 --stride 4 --tag ctx512_lora
----- stdout tail (backtest blaine lora ctx512) -----
Saved backtest results -> C:\Users\lhgdr\Desktop\Kitech\Cement\Cement_code_fin\eval\backtest_blaine_ctx512_lora.csv

=== blaine backtest (C:\Users\lhgdr\Desktop\Kitech\Cement\Cement_code_fin\checkpoints\blaine_ctx512_lora\final) ===
n = 851  (fresh-reading transitions only: True)

--- Naive baseline (repeat last observed reading) ---
MAE=83.767  RMSE=118.862  R2=0.1629  spec-in/out accuracy=66.98%
            Pred IN  Pred OUT
Actual IN       265       139
Actual OUT      142       305

--- Chronos-2 ---
MAE=71.917  RMSE=97.561  R2=0.4361  spec-in/out accuracy=67.92%
            Pred IN  Pred OUT
Actual IN       250       154
Actual OUT      119       328

normalized skill score (per-station model_MAE / naive_MAE, macro-avg) = 0.8599  (beats naive)
macro-average MAE (equal per station) = 71.9329
80% interval (q0.1-q0.9) empirical coverage = 65.45% (target: 80%)
[2026-09-06 18:38:36] DONE  backtest blaine lora ctx512 (1.1 min)
[2026-09-06 18:38:36] SKIP  finetune blaine full ctx512 (checkpoint exists)
[2026-09-06 18:38:36] SKIP  backtest blaine full ctx512 (csv exists)
[2026-09-06 18:38:36] SKIP  backtest residue zeroshot ctx512 (csv exists)
[2026-09-06 18:38:36] START finetune residue lora ctx512
  cmd: C:\Users\lhgdr\Desktop\Kitech\Cement\Cement_code_fin\.venv\Scripts\python.exe train/finetune_chronos2.py --target residue --finetune-mode lora --prediction-length 4 --context-length 512 --learning-rate 1e-5 --num-steps 1000 --batch-size 64 --output-tag ctx512_lora
----- stdout tail (finetune residue lora ctx512) -----
{'eval_loss': '0.0171', 'eval_runtime': '0.0926', 'eval_samples_per_second': '1361', 'eval_steps_per_second': '21.6', 'epoch': '0.3'}
{'loss': '0.007994', 'grad_norm': '0.06218', 'learning_rate': '6.01e-06', 'epoch': '0.4'}
{'eval_loss': '0.01666', 'eval_runtime': '0.0865', 'eval_samples_per_second': '1457', 'eval_steps_per_second': '23.13', 'epoch': '0.4'}
{'loss': '0.01017', 'grad_norm': '0.06419', 'learning_rate': '5.01e-06', 'epoch': '0.5'}
{'eval_loss': '0.01622', 'eval_runtime': '0.0862', 'eval_samples_per_second': '1462', 'eval_steps_per_second': '23.2', 'epoch': '0.5'}
{'loss': '0.008478', 'grad_norm': '0.04784', 'learning_rate': '4.01e-06', 'epoch': '0.6'}
{'eval_loss': '0.01622', 'eval_runtime': '0.1044', 'eval_samples_per_second': '1207', 'eval_steps_per_second': '19.16', 'epoch': '0.6'}
{'loss': '0.009273', 'grad_norm': '0.09745', 'learning_rate': '3.01e-06', 'epoch': '0.7'}
{'eval_loss': '0.01608', 'eval_runtime': '0.0889', 'eval_samples_per_second': '1417', 'eval_steps_per_second': '22.5', 'epoch': '0.7'}
{'loss': '0.008754', 'grad_norm': '0.09858', 'learning_rate': '2.01e-06', 'epoch': '0.8'}
{'eval_loss': '0.016', 'eval_runtime': '0.0873', 'eval_samples_per_second': '1443', 'eval_steps_per_second': '22.9', 'epoch': '0.8'}
{'loss': '0.008642', 'grad_norm': '0.02823', 'learning_rate': '1.01e-06', 'epoch': '0.9'}
{'eval_loss': '0.01594', 'eval_runtime': '0.0896', 'eval_samples_per_second': '1406', 'eval_steps_per_second': '22.32', 'epoch': '0.9'}
{'loss': '0.008604', 'grad_norm': '0.04951', 'learning_rate': '1e-08', 'epoch': '1'}
{'eval_loss': '0.01593', 'eval_runtime': '0.0965', 'eval_samples_per_second': '1305', 'eval_steps_per_second': '20.72', 'epoch': '1'}
{'train_runtime': '138.8', 'train_samples_per_second': '461.2', 'train_steps_per_second': '7.206', 'train_loss': '0.008844', 'epoch': '1'}
Saved fine-tuned residue quality net -> C:\Users\lhgdr\Desktop\Kitech\Cement\Cement_code_fin\checkpoints\residue_ctx512_lora\final
Saved loss history (10 val points) -> C:\Users\lhgdr\Desktop\Kitech\Cement\Cement_code_fin\checkpoints\residue_ctx512_lora\loss_history.csv
  val_loss: min=0.01593 (step 1000), final=0.01593 (step 1000), final-min=+0.00000
Saved loss curve -> C:\Users\lhgdr\Desktop\Kitech\Cement\Cement_code_fin\checkpoints\residue_ctx512_lora\loss_history.png
[2026-09-06 18:41:03] DONE  finetune residue lora ctx512 (2.5 min)
[2026-09-06 18:41:03] START backtest residue lora ctx512
  cmd: C:\Users\lhgdr\Desktop\Kitech\Cement\Cement_code_fin\.venv\Scripts\python.exe eval/backtest.py --target residue --checkpoint C:\Users\lhgdr\Desktop\Kitech\Cement\Cement_code_fin\checkpoints\residue_ctx512_lora\final --context-length 512 --stride 4 --tag ctx512_lora
----- stdout tail (backtest residue lora ctx512) -----
Saved backtest results -> C:\Users\lhgdr\Desktop\Kitech\Cement\Cement_code_fin\eval\backtest_residue_ctx512_lora.csv

=== residue backtest (C:\Users\lhgdr\Desktop\Kitech\Cement\Cement_code_fin\checkpoints\residue_ctx512_lora\final) ===
n = 856  (fresh-reading transitions only: True)

--- Naive baseline (repeat last observed reading) ---
MAE=0.568  RMSE=1.046  R2=0.5778  spec-in/out accuracy=78.50%
            Pred IN  Pred OUT
Actual IN       316       100
Actual OUT       84       356

--- Chronos-2 ---
MAE=0.476  RMSE=0.798  R2=0.7542  spec-in/out accuracy=82.36%
            Pred IN  Pred OUT
Actual IN       344        72
Actual OUT       79       361

normalized skill score (per-station model_MAE / naive_MAE, macro-avg) = 0.8396  (beats naive)
macro-average MAE (equal per station) = 0.4761
80% interval (q0.1-q0.9) empirical coverage = 65.65% (target: 80%)
[2026-09-06 18:42:08] DONE  backtest residue lora ctx512 (1.1 min)
[2026-09-06 18:42:08] SKIP  finetune residue full ctx512 (checkpoint exists)
[2026-09-06 18:42:08] SKIP  backtest residue full ctx512 (csv exists)
[2026-09-06 18:42:08] SKIP  backtest blaine zeroshot ctx768 (csv exists)
[2026-09-06 18:42:08] START finetune blaine lora ctx768
  cmd: C:\Users\lhgdr\Desktop\Kitech\Cement\Cement_code_fin\.venv\Scripts\python.exe train/finetune_chronos2.py --target blaine --finetune-mode lora --prediction-length 4 --context-length 768 --learning-rate 1e-5 --num-steps 1000 --batch-size 64 --output-tag ctx768_lora
----- stdout tail (finetune blaine lora ctx768) -----
{'eval_loss': '0.005148', 'eval_runtime': '0.1172', 'eval_samples_per_second': '1075', 'eval_steps_per_second': '17.07', 'epoch': '0.3'}
{'loss': '0.008223', 'grad_norm': '0.05596', 'learning_rate': '6.01e-06', 'epoch': '0.4'}
{'eval_loss': '0.005094', 'eval_runtime': '0.1164', 'eval_samples_per_second': '1083', 'eval_steps_per_second': '17.19', 'epoch': '0.4'}
{'loss': '0.007453', 'grad_norm': '0.06914', 'learning_rate': '5.01e-06', 'epoch': '0.5'}
{'eval_loss': '0.00503', 'eval_runtime': '0.1181', 'eval_samples_per_second': '1067', 'eval_steps_per_second': '16.94', 'epoch': '0.5'}
{'loss': '0.008369', 'grad_norm': '0.03966', 'learning_rate': '4.01e-06', 'epoch': '0.6'}
{'eval_loss': '0.005143', 'eval_runtime': '0.1183', 'eval_samples_per_second': '1065', 'eval_steps_per_second': '16.91', 'epoch': '0.6'}
{'loss': '0.007443', 'grad_norm': '0.1482', 'learning_rate': '3.01e-06', 'epoch': '0.7'}
{'eval_loss': '0.005111', 'eval_runtime': '0.1153', 'eval_samples_per_second': '1093', 'eval_steps_per_second': '17.35', 'epoch': '0.7'}
{'loss': '0.007525', 'grad_norm': '0.04186', 'learning_rate': '2.01e-06', 'epoch': '0.8'}
{'eval_loss': '0.005073', 'eval_runtime': '0.1151', 'eval_samples_per_second': '1095', 'eval_steps_per_second': '17.38', 'epoch': '0.8'}
{'loss': '0.006966', 'grad_norm': '0.05218', 'learning_rate': '1.01e-06', 'epoch': '0.9'}
{'eval_loss': '0.005068', 'eval_runtime': '0.1159', 'eval_samples_per_second': '1087', 'eval_steps_per_second': '17.25', 'epoch': '0.9'}
{'loss': '0.00769', 'grad_norm': '0.09208', 'learning_rate': '1e-08', 'epoch': '1'}
{'eval_loss': '0.005078', 'eval_runtime': '0.1181', 'eval_samples_per_second': '1067', 'eval_steps_per_second': '16.93', 'epoch': '1'}
{'train_runtime': '198.6', 'train_samples_per_second': '322.3', 'train_steps_per_second': '5.037', 'train_loss': '0.007502', 'epoch': '1'}
Saved fine-tuned blaine quality net -> C:\Users\lhgdr\Desktop\Kitech\Cement\Cement_code_fin\checkpoints\blaine_ctx768_lora\final
Saved loss history (10 val points) -> C:\Users\lhgdr\Desktop\Kitech\Cement\Cement_code_fin\checkpoints\blaine_ctx768_lora\loss_history.csv
  val_loss: min=0.00503 (step 500), final=0.00508 (step 1000), final-min=+0.00005 <-- val loss rose from its min: overfitting
Saved loss curve -> C:\Users\lhgdr\Desktop\Kitech\Cement\Cement_code_fin\checkpoints\blaine_ctx768_lora\loss_history.png
[2026-09-06 18:45:35] DONE  finetune blaine lora ctx768 (3.5 min)
[2026-09-06 18:45:35] START backtest blaine lora ctx768
  cmd: C:\Users\lhgdr\Desktop\Kitech\Cement\Cement_code_fin\.venv\Scripts\python.exe eval/backtest.py --target blaine --checkpoint C:\Users\lhgdr\Desktop\Kitech\Cement\Cement_code_fin\checkpoints\blaine_ctx768_lora\final --context-length 768 --stride 4 --tag ctx768_lora
----- stdout tail (backtest blaine lora ctx768) -----
Saved backtest results -> C:\Users\lhgdr\Desktop\Kitech\Cement\Cement_code_fin\eval\backtest_blaine_ctx768_lora.csv

=== blaine backtest (C:\Users\lhgdr\Desktop\Kitech\Cement\Cement_code_fin\checkpoints\blaine_ctx768_lora\final) ===
n = 852  (fresh-reading transitions only: True)

--- Naive baseline (repeat last observed reading) ---
MAE=83.763  RMSE=118.824  R2=0.1625  spec-in/out accuracy=67.02%
            Pred IN  Pred OUT
Actual IN       265       139
Actual OUT      142       306

--- Chronos-2 ---
MAE=70.491  RMSE=95.285  R2=0.4615  spec-in/out accuracy=70.19%
            Pred IN  Pred OUT
Actual IN       268       136
Actual OUT      118       330

normalized skill score (per-station model_MAE / naive_MAE, macro-avg) = 0.8427  (beats naive)
macro-average MAE (equal per station) = 70.5125
80% interval (q0.1-q0.9) empirical coverage = 68.31% (target: 80%)
[2026-09-06 18:47:01] DONE  backtest blaine lora ctx768 (1.4 min)
[2026-09-06 18:47:01] SKIP  finetune blaine full ctx768 (checkpoint exists)
[2026-09-06 18:47:01] SKIP  backtest blaine full ctx768 (csv exists)
[2026-09-06 18:47:01] SKIP  backtest residue zeroshot ctx768 (csv exists)
[2026-09-06 18:47:01] START finetune residue lora ctx768
  cmd: C:\Users\lhgdr\Desktop\Kitech\Cement\Cement_code_fin\.venv\Scripts\python.exe train/finetune_chronos2.py --target residue --finetune-mode lora --prediction-length 4 --context-length 768 --learning-rate 1e-5 --num-steps 1000 --batch-size 64 --output-tag ctx768_lora
----- stdout tail (finetune residue lora ctx768) -----
{'eval_loss': '0.01016', 'eval_runtime': '0.1169', 'eval_samples_per_second': '1077', 'eval_steps_per_second': '17.1', 'epoch': '0.3'}
{'loss': '0.008159', 'grad_norm': '0.08929', 'learning_rate': '6.01e-06', 'epoch': '0.4'}
{'eval_loss': '0.01026', 'eval_runtime': '0.1161', 'eval_samples_per_second': '1086', 'eval_steps_per_second': '17.23', 'epoch': '0.4'}
{'loss': '0.009928', 'grad_norm': '0.03489', 'learning_rate': '5.01e-06', 'epoch': '0.5'}
{'eval_loss': '0.01006', 'eval_runtime': '0.1166', 'eval_samples_per_second': '1081', 'eval_steps_per_second': '17.16', 'epoch': '0.5'}
{'loss': '0.008197', 'grad_norm': '0.0497', 'learning_rate': '4.01e-06', 'epoch': '0.6'}
{'eval_loss': '0.01017', 'eval_runtime': '0.1168', 'eval_samples_per_second': '1079', 'eval_steps_per_second': '17.13', 'epoch': '0.6'}
{'loss': '0.008697', 'grad_norm': '0.1626', 'learning_rate': '3.01e-06', 'epoch': '0.7'}
{'eval_loss': '0.01007', 'eval_runtime': '0.1191', 'eval_samples_per_second': '1058', 'eval_steps_per_second': '16.79', 'epoch': '0.7'}
{'loss': '0.008218', 'grad_norm': '0.131', 'learning_rate': '2.01e-06', 'epoch': '0.8'}
{'eval_loss': '0.01007', 'eval_runtime': '0.1168', 'eval_samples_per_second': '1079', 'eval_steps_per_second': '17.13', 'epoch': '0.8'}
{'loss': '0.007585', 'grad_norm': '0.07041', 'learning_rate': '1.01e-06', 'epoch': '0.9'}
{'eval_loss': '0.01013', 'eval_runtime': '0.1168', 'eval_samples_per_second': '1079', 'eval_steps_per_second': '17.13', 'epoch': '0.9'}
{'loss': '0.00791', 'grad_norm': '0.05307', 'learning_rate': '1e-08', 'epoch': '1'}
{'eval_loss': '0.01014', 'eval_runtime': '0.1172', 'eval_samples_per_second': '1075', 'eval_steps_per_second': '17.06', 'epoch': '1'}
{'train_runtime': '196.3', 'train_samples_per_second': '326.1', 'train_steps_per_second': '5.095', 'train_loss': '0.008465', 'epoch': '1'}
Saved fine-tuned residue quality net -> C:\Users\lhgdr\Desktop\Kitech\Cement\Cement_code_fin\checkpoints\residue_ctx768_lora\final
Saved loss history (10 val points) -> C:\Users\lhgdr\Desktop\Kitech\Cement\Cement_code_fin\checkpoints\residue_ctx768_lora\loss_history.csv
  val_loss: min=0.01006 (step 500), final=0.01014 (step 1000), final-min=+0.00008 <-- val loss rose from its min: overfitting
Saved loss curve -> C:\Users\lhgdr\Desktop\Kitech\Cement\Cement_code_fin\checkpoints\residue_ctx768_lora\loss_history.png
[2026-09-06 18:50:26] DONE  finetune residue lora ctx768 (3.4 min)
[2026-09-06 18:50:26] START backtest residue lora ctx768
  cmd: C:\Users\lhgdr\Desktop\Kitech\Cement\Cement_code_fin\.venv\Scripts\python.exe eval/backtest.py --target residue --checkpoint C:\Users\lhgdr\Desktop\Kitech\Cement\Cement_code_fin\checkpoints\residue_ctx768_lora\final --context-length 768 --stride 4 --tag ctx768_lora
----- stdout tail (backtest residue lora ctx768) -----
Saved backtest results -> C:\Users\lhgdr\Desktop\Kitech\Cement\Cement_code_fin\eval\backtest_residue_ctx768_lora.csv

=== residue backtest (C:\Users\lhgdr\Desktop\Kitech\Cement\Cement_code_fin\checkpoints\residue_ctx768_lora\final) ===
n = 856  (fresh-reading transitions only: True)

--- Naive baseline (repeat last observed reading) ---
MAE=0.568  RMSE=1.046  R2=0.5778  spec-in/out accuracy=78.50%
            Pred IN  Pred OUT
Actual IN       316       100
Actual OUT       84       356

--- Chronos-2 ---
MAE=0.476  RMSE=0.790  R2=0.7589  spec-in/out accuracy=82.24%
            Pred IN  Pred OUT
Actual IN       352        64
Actual OUT       88       352

normalized skill score (per-station model_MAE / naive_MAE, macro-avg) = 0.8407  (beats naive)
macro-average MAE (equal per station) = 0.4762
80% interval (q0.1-q0.9) empirical coverage = 63.43% (target: 80%)
[2026-09-06 18:51:52] DONE  backtest residue lora ctx768 (1.4 min)
[2026-09-06 18:51:52] SKIP  finetune residue full ctx768 (checkpoint exists)
[2026-09-06 18:51:52] SKIP  backtest residue full ctx768 (csv exists)
[2026-09-06 18:51:52] SKIP  backtest blaine zeroshot ctx1024 (csv exists)
[2026-09-06 18:51:52] START finetune blaine lora ctx1024
  cmd: C:\Users\lhgdr\Desktop\Kitech\Cement\Cement_code_fin\.venv\Scripts\python.exe train/finetune_chronos2.py --target blaine --finetune-mode lora --prediction-length 4 --context-length 1024 --learning-rate 1e-5 --num-steps 1000 --batch-size 64 --output-tag ctx1024_lora
----- stdout tail (finetune blaine lora ctx1024) -----
{'eval_loss': '0.003873', 'eval_runtime': '0.1584', 'eval_samples_per_second': '795.5', 'eval_steps_per_second': '12.63', 'epoch': '0.3'}
{'loss': '0.008204', 'grad_norm': '0.06313', 'learning_rate': '6.01e-06', 'epoch': '0.4'}
{'eval_loss': '0.003909', 'eval_runtime': '0.1566', 'eval_samples_per_second': '804.5', 'eval_steps_per_second': '12.77', 'epoch': '0.4'}
{'loss': '0.007374', 'grad_norm': '0.07059', 'learning_rate': '5.01e-06', 'epoch': '0.5'}
{'eval_loss': '0.003883', 'eval_runtime': '0.1564', 'eval_samples_per_second': '805.4', 'eval_steps_per_second': '12.78', 'epoch': '0.5'}
{'loss': '0.00852', 'grad_norm': '0.05225', 'learning_rate': '4.01e-06', 'epoch': '0.6'}
{'eval_loss': '0.003996', 'eval_runtime': '0.1545', 'eval_samples_per_second': '815.8', 'eval_steps_per_second': '12.95', 'epoch': '0.6'}
{'loss': '0.007333', 'grad_norm': '0.1915', 'learning_rate': '3.01e-06', 'epoch': '0.7'}
{'eval_loss': '0.004016', 'eval_runtime': '0.1551', 'eval_samples_per_second': '812.4', 'eval_steps_per_second': '12.89', 'epoch': '0.7'}
{'loss': '0.007318', 'grad_norm': '0.03659', 'learning_rate': '2.01e-06', 'epoch': '0.8'}
{'eval_loss': '0.004016', 'eval_runtime': '0.1549', 'eval_samples_per_second': '813.6', 'eval_steps_per_second': '12.91', 'epoch': '0.8'}
{'loss': '0.00677', 'grad_norm': '0.04201', 'learning_rate': '1.01e-06', 'epoch': '0.9'}
{'eval_loss': '0.004036', 'eval_runtime': '0.1541', 'eval_samples_per_second': '817.5', 'eval_steps_per_second': '12.98', 'epoch': '0.9'}
{'loss': '0.007514', 'grad_norm': '0.07589', 'learning_rate': '1e-08', 'epoch': '1'}
{'eval_loss': '0.004048', 'eval_runtime': '0.155', 'eval_samples_per_second': '812.8', 'eval_steps_per_second': '12.9', 'epoch': '1'}
{'train_runtime': '275.7', 'train_samples_per_second': '232.1', 'train_steps_per_second': '3.627', 'train_loss': '0.007447', 'epoch': '1'}
Saved fine-tuned blaine quality net -> C:\Users\lhgdr\Desktop\Kitech\Cement\Cement_code_fin\checkpoints\blaine_ctx1024_lora\final
Saved loss history (10 val points) -> C:\Users\lhgdr\Desktop\Kitech\Cement\Cement_code_fin\checkpoints\blaine_ctx1024_lora\loss_history.csv
  val_loss: min=0.00387 (step 300), final=0.00405 (step 1000), final-min=+0.00017 <-- val loss rose from its min: overfitting
Saved loss curve -> C:\Users\lhgdr\Desktop\Kitech\Cement\Cement_code_fin\checkpoints\blaine_ctx1024_lora\loss_history.png
[2026-09-06 18:56:36] DONE  finetune blaine lora ctx1024 (4.7 min)
[2026-09-06 18:56:36] START backtest blaine lora ctx1024
  cmd: C:\Users\lhgdr\Desktop\Kitech\Cement\Cement_code_fin\.venv\Scripts\python.exe eval/backtest.py --target blaine --checkpoint C:\Users\lhgdr\Desktop\Kitech\Cement\Cement_code_fin\checkpoints\blaine_ctx1024_lora\final --context-length 1024 --stride 4 --tag ctx1024_lora
----- stdout tail (backtest blaine lora ctx1024) -----
Saved backtest results -> C:\Users\lhgdr\Desktop\Kitech\Cement\Cement_code_fin\eval\backtest_blaine_ctx1024_lora.csv

=== blaine backtest (C:\Users\lhgdr\Desktop\Kitech\Cement\Cement_code_fin\checkpoints\blaine_ctx1024_lora\final) ===
n = 852  (fresh-reading transitions only: True)

--- Naive baseline (repeat last observed reading) ---
MAE=83.763  RMSE=118.824  R2=0.1625  spec-in/out accuracy=67.02%
            Pred IN  Pred OUT
Actual IN       265       139
Actual OUT      142       306

--- Chronos-2 ---
MAE=71.259  RMSE=96.195  R2=0.4511  spec-in/out accuracy=68.08%
            Pred IN  Pred OUT
Actual IN       258       146
Actual OUT      126       322

normalized skill score (per-station model_MAE / naive_MAE, macro-avg) = 0.8517  (beats naive)
macro-average MAE (equal per station) = 71.2676
80% interval (q0.1-q0.9) empirical coverage = 63.15% (target: 80%)
[2026-09-06 18:58:28] DONE  backtest blaine lora ctx1024 (1.9 min)
[2026-09-06 18:58:28] SKIP  finetune blaine full ctx1024 (checkpoint exists)
[2026-09-06 18:58:28] SKIP  backtest blaine full ctx1024 (csv exists)
[2026-09-06 18:58:28] SKIP  backtest residue zeroshot ctx1024 (csv exists)
[2026-09-06 18:58:28] START finetune residue lora ctx1024
  cmd: C:\Users\lhgdr\Desktop\Kitech\Cement\Cement_code_fin\.venv\Scripts\python.exe train/finetune_chronos2.py --target residue --finetune-mode lora --prediction-length 4 --context-length 1024 --learning-rate 1e-5 --num-steps 1000 --batch-size 64 --output-tag ctx1024_lora
----- stdout tail (finetune residue lora ctx1024) -----
{'eval_loss': '0.01028', 'eval_runtime': '0.1551', 'eval_samples_per_second': '812.5', 'eval_steps_per_second': '12.9', 'epoch': '0.3'}
{'loss': '0.007719', 'grad_norm': '0.05499', 'learning_rate': '6.01e-06', 'epoch': '0.4'}
{'eval_loss': '0.01009', 'eval_runtime': '0.1544', 'eval_samples_per_second': '815.8', 'eval_steps_per_second': '12.95', 'epoch': '0.4'}
{'loss': '0.009554', 'grad_norm': '0.052', 'learning_rate': '5.01e-06', 'epoch': '0.5'}
{'eval_loss': '0.009881', 'eval_runtime': '0.1549', 'eval_samples_per_second': '813.2', 'eval_steps_per_second': '12.91', 'epoch': '0.5'}
{'loss': '0.008195', 'grad_norm': '0.05935', 'learning_rate': '4.01e-06', 'epoch': '0.6'}
{'eval_loss': '0.009893', 'eval_runtime': '0.1563', 'eval_samples_per_second': '806.1', 'eval_steps_per_second': '12.79', 'epoch': '0.6'}
{'loss': '0.008417', 'grad_norm': '0.3265', 'learning_rate': '3.01e-06', 'epoch': '0.7'}
{'eval_loss': '0.009703', 'eval_runtime': '0.1569', 'eval_samples_per_second': '803.2', 'eval_steps_per_second': '12.75', 'epoch': '0.7'}
{'loss': '0.008092', 'grad_norm': '0.1221', 'learning_rate': '2.01e-06', 'epoch': '0.8'}
{'eval_loss': '0.009648', 'eval_runtime': '0.1562', 'eval_samples_per_second': '806.6', 'eval_steps_per_second': '12.8', 'epoch': '0.8'}
{'loss': '0.007535', 'grad_norm': '0.04562', 'learning_rate': '1.01e-06', 'epoch': '0.9'}
{'eval_loss': '0.009621', 'eval_runtime': '0.1566', 'eval_samples_per_second': '804.8', 'eval_steps_per_second': '12.78', 'epoch': '0.9'}
{'loss': '0.007759', 'grad_norm': '0.08894', 'learning_rate': '1e-08', 'epoch': '1'}
{'eval_loss': '0.009595', 'eval_runtime': '0.1553', 'eval_samples_per_second': '811.2', 'eval_steps_per_second': '12.88', 'epoch': '1'}
{'train_runtime': '275.6', 'train_samples_per_second': '232.2', 'train_steps_per_second': '3.629', 'train_loss': '0.008201', 'epoch': '1'}
Saved fine-tuned residue quality net -> C:\Users\lhgdr\Desktop\Kitech\Cement\Cement_code_fin\checkpoints\residue_ctx1024_lora\final
Saved loss history (10 val points) -> C:\Users\lhgdr\Desktop\Kitech\Cement\Cement_code_fin\checkpoints\residue_ctx1024_lora\loss_history.csv
  val_loss: min=0.00959 (step 1000), final=0.00959 (step 1000), final-min=+0.00000
Saved loss curve -> C:\Users\lhgdr\Desktop\Kitech\Cement\Cement_code_fin\checkpoints\residue_ctx1024_lora\loss_history.png
[2026-09-06 19:03:13] DONE  finetune residue lora ctx1024 (4.7 min)
[2026-09-06 19:03:13] START backtest residue lora ctx1024
  cmd: C:\Users\lhgdr\Desktop\Kitech\Cement\Cement_code_fin\.venv\Scripts\python.exe eval/backtest.py --target residue --checkpoint C:\Users\lhgdr\Desktop\Kitech\Cement\Cement_code_fin\checkpoints\residue_ctx1024_lora\final --context-length 1024 --stride 4 --tag ctx1024_lora
----- stdout tail (backtest residue lora ctx1024) -----
Saved backtest results -> C:\Users\lhgdr\Desktop\Kitech\Cement\Cement_code_fin\eval\backtest_residue_ctx1024_lora.csv

=== residue backtest (C:\Users\lhgdr\Desktop\Kitech\Cement\Cement_code_fin\checkpoints\residue_ctx1024_lora\final) ===
n = 856  (fresh-reading transitions only: True)

--- Naive baseline (repeat last observed reading) ---
MAE=0.568  RMSE=1.046  R2=0.5778  spec-in/out accuracy=78.50%
            Pred IN  Pred OUT
Actual IN       316       100
Actual OUT       84       356

--- Chronos-2 ---
MAE=0.480  RMSE=0.796  R2=0.7554  spec-in/out accuracy=81.19%
            Pred IN  Pred OUT
Actual IN       351        65
Actual OUT       96       344

normalized skill score (per-station model_MAE / naive_MAE, macro-avg) = 0.8467  (beats naive)
macro-average MAE (equal per station) = 0.4796
80% interval (q0.1-q0.9) empirical coverage = 61.33% (target: 80%)
[2026-09-06 19:05:05] DONE  backtest residue lora ctx1024 (1.9 min)
[2026-09-06 19:05:05] SKIP  finetune residue full ctx1024 (checkpoint exists)
[2026-09-06 19:05:05] SKIP  backtest residue full ctx1024 (csv exists)
[2026-09-06 19:05:05] SKIP  backtest blaine zeroshot ctx1280 (csv exists)
[2026-09-06 19:05:05] START finetune blaine lora ctx1280
  cmd: C:\Users\lhgdr\Desktop\Kitech\Cement\Cement_code_fin\.venv\Scripts\python.exe train/finetune_chronos2.py --target blaine --finetune-mode lora --prediction-length 4 --context-length 1280 --learning-rate 1e-5 --num-steps 1000 --batch-size 64 --output-tag ctx1280_lora
----- stdout tail (finetune blaine lora ctx1280) -----
{'eval_loss': '0.003802', 'eval_runtime': '0.2211', 'eval_samples_per_second': '569.8', 'eval_steps_per_second': '9.044', 'epoch': '0.3'}
{'loss': '0.007761', 'grad_norm': '0.08047', 'learning_rate': '6.01e-06', 'epoch': '0.4'}
{'eval_loss': '0.003498', 'eval_runtime': '0.1936', 'eval_samples_per_second': '650.8', 'eval_steps_per_second': '10.33', 'epoch': '0.4'}
{'loss': '0.007299', 'grad_norm': '0.06912', 'learning_rate': '5.01e-06', 'epoch': '0.5'}
{'eval_loss': '0.003384', 'eval_runtime': '0.1949', 'eval_samples_per_second': '646.6', 'eval_steps_per_second': '10.26', 'epoch': '0.5'}
{'loss': '0.007996', 'grad_norm': '0.03211', 'learning_rate': '4.01e-06', 'epoch': '0.6'}
{'eval_loss': '0.003465', 'eval_runtime': '0.1955', 'eval_samples_per_second': '644.5', 'eval_steps_per_second': '10.23', 'epoch': '0.6'}
{'loss': '0.007217', 'grad_norm': '0.1728', 'learning_rate': '3.01e-06', 'epoch': '0.7'}
{'eval_loss': '0.003494', 'eval_runtime': '0.1933', 'eval_samples_per_second': '651.8', 'eval_steps_per_second': '10.35', 'epoch': '0.7'}
{'loss': '0.007009', 'grad_norm': '0.04425', 'learning_rate': '2.01e-06', 'epoch': '0.8'}
{'eval_loss': '0.003494', 'eval_runtime': '0.1939', 'eval_samples_per_second': '649.9', 'eval_steps_per_second': '10.31', 'epoch': '0.8'}
{'loss': '0.006615', 'grad_norm': '0.04017', 'learning_rate': '1.01e-06', 'epoch': '0.9'}
{'eval_loss': '0.003513', 'eval_runtime': '0.1958', 'eval_samples_per_second': '643.7', 'eval_steps_per_second': '10.22', 'epoch': '0.9'}
{'loss': '0.007331', 'grad_norm': '0.06178', 'learning_rate': '1e-08', 'epoch': '1'}
{'eval_loss': '0.003522', 'eval_runtime': '0.1942', 'eval_samples_per_second': '648.9', 'eval_steps_per_second': '10.3', 'epoch': '1'}
{'train_runtime': '352.3', 'train_samples_per_second': '181.7', 'train_steps_per_second': '2.838', 'train_loss': '0.007275', 'epoch': '1'}
Saved fine-tuned blaine quality net -> C:\Users\lhgdr\Desktop\Kitech\Cement\Cement_code_fin\checkpoints\blaine_ctx1280_lora\final
Saved loss history (10 val points) -> C:\Users\lhgdr\Desktop\Kitech\Cement\Cement_code_fin\checkpoints\blaine_ctx1280_lora\loss_history.csv
  val_loss: min=0.00338 (step 500), final=0.00352 (step 1000), final-min=+0.00014 <-- val loss rose from its min: overfitting
Saved loss curve -> C:\Users\lhgdr\Desktop\Kitech\Cement\Cement_code_fin\checkpoints\blaine_ctx1280_lora\loss_history.png
[2026-09-06 19:11:06] DONE  finetune blaine lora ctx1280 (6.0 min)
[2026-09-06 19:11:06] START backtest blaine lora ctx1280
  cmd: C:\Users\lhgdr\Desktop\Kitech\Cement\Cement_code_fin\.venv\Scripts\python.exe eval/backtest.py --target blaine --checkpoint C:\Users\lhgdr\Desktop\Kitech\Cement\Cement_code_fin\checkpoints\blaine_ctx1280_lora\final --context-length 1280 --stride 4 --tag ctx1280_lora
----- stdout tail (backtest blaine lora ctx1280) -----
Saved backtest results -> C:\Users\lhgdr\Desktop\Kitech\Cement\Cement_code_fin\eval\backtest_blaine_ctx1280_lora.csv

=== blaine backtest (C:\Users\lhgdr\Desktop\Kitech\Cement\Cement_code_fin\checkpoints\blaine_ctx1280_lora\final) ===
n = 852  (fresh-reading transitions only: True)

--- Naive baseline (repeat last observed reading) ---
MAE=83.763  RMSE=118.824  R2=0.1625  spec-in/out accuracy=67.02%
            Pred IN  Pred OUT
Actual IN       265       139
Actual OUT      142       306

--- Chronos-2 ---
MAE=69.891  RMSE=94.599  R2=0.4692  spec-in/out accuracy=69.95%
            Pred IN  Pred OUT
Actual IN       273       131
Actual OUT      125       323

normalized skill score (per-station model_MAE / naive_MAE, macro-avg) = 0.8354  (beats naive)
macro-average MAE (equal per station) = 69.8972
80% interval (q0.1-q0.9) empirical coverage = 65.02% (target: 80%)
[2026-09-06 19:13:22] DONE  backtest blaine lora ctx1280 (2.3 min)
[2026-09-06 19:13:22] SKIP  finetune blaine full ctx1280 (checkpoint exists)
[2026-09-06 19:13:22] SKIP  backtest blaine full ctx1280 (csv exists)
[2026-09-06 19:13:22] SKIP  backtest residue zeroshot ctx1280 (csv exists)
[2026-09-06 19:13:22] START finetune residue lora ctx1280
  cmd: C:\Users\lhgdr\Desktop\Kitech\Cement\Cement_code_fin\.venv\Scripts\python.exe train/finetune_chronos2.py --target residue --finetune-mode lora --prediction-length 4 --context-length 1280 --learning-rate 1e-5 --num-steps 1000 --batch-size 64 --output-tag ctx1280_lora
----- stdout tail (finetune residue lora ctx1280) -----
{'eval_loss': '0.009216', 'eval_runtime': '0.1937', 'eval_samples_per_second': '650.4', 'eval_steps_per_second': '10.32', 'epoch': '0.3'}
{'loss': '0.007285', 'grad_norm': '0.08812', 'learning_rate': '6.01e-06', 'epoch': '0.4'}
{'eval_loss': '0.009259', 'eval_runtime': '0.1951', 'eval_samples_per_second': '645.7', 'eval_steps_per_second': '10.25', 'epoch': '0.4'}
{'loss': '0.009463', 'grad_norm': '0.04703', 'learning_rate': '5.01e-06', 'epoch': '0.5'}
{'eval_loss': '0.009174', 'eval_runtime': '0.1925', 'eval_samples_per_second': '654.6', 'eval_steps_per_second': '10.39', 'epoch': '0.5'}
{'loss': '0.008086', 'grad_norm': '0.07729', 'learning_rate': '4.01e-06', 'epoch': '0.6'}
{'eval_loss': '0.009095', 'eval_runtime': '0.1939', 'eval_samples_per_second': '649.8', 'eval_steps_per_second': '10.31', 'epoch': '0.6'}
{'loss': '0.007959', 'grad_norm': '0.2201', 'learning_rate': '3.01e-06', 'epoch': '0.7'}
{'eval_loss': '0.00883', 'eval_runtime': '0.1923', 'eval_samples_per_second': '655.3', 'eval_steps_per_second': '10.4', 'epoch': '0.7'}
{'loss': '0.007382', 'grad_norm': '0.1629', 'learning_rate': '2.01e-06', 'epoch': '0.8'}
{'eval_loss': '0.008675', 'eval_runtime': '0.1938', 'eval_samples_per_second': '650.3', 'eval_steps_per_second': '10.32', 'epoch': '0.8'}
{'loss': '0.007021', 'grad_norm': '0.2104', 'learning_rate': '1.01e-06', 'epoch': '0.9'}
{'eval_loss': '0.008601', 'eval_runtime': '0.1942', 'eval_samples_per_second': '648.7', 'eval_steps_per_second': '10.3', 'epoch': '0.9'}
{'loss': '0.006984', 'grad_norm': '0.05368', 'learning_rate': '1e-08', 'epoch': '1'}
{'eval_loss': '0.008579', 'eval_runtime': '0.1959', 'eval_samples_per_second': '643.2', 'eval_steps_per_second': '10.21', 'epoch': '1'}
{'train_runtime': '352.9', 'train_samples_per_second': '181.4', 'train_steps_per_second': '2.834', 'train_loss': '0.007932', 'epoch': '1'}
Saved fine-tuned residue quality net -> C:\Users\lhgdr\Desktop\Kitech\Cement\Cement_code_fin\checkpoints\residue_ctx1280_lora\final
Saved loss history (10 val points) -> C:\Users\lhgdr\Desktop\Kitech\Cement\Cement_code_fin\checkpoints\residue_ctx1280_lora\loss_history.csv
  val_loss: min=0.00858 (step 1000), final=0.00858 (step 1000), final-min=+0.00000
Saved loss curve -> C:\Users\lhgdr\Desktop\Kitech\Cement\Cement_code_fin\checkpoints\residue_ctx1280_lora\loss_history.png
[2026-09-06 19:19:24] DONE  finetune residue lora ctx1280 (6.0 min)
[2026-09-06 19:19:24] START backtest residue lora ctx1280
  cmd: C:\Users\lhgdr\Desktop\Kitech\Cement\Cement_code_fin\.venv\Scripts\python.exe eval/backtest.py --target residue --checkpoint C:\Users\lhgdr\Desktop\Kitech\Cement\Cement_code_fin\checkpoints\residue_ctx1280_lora\final --context-length 1280 --stride 4 --tag ctx1280_lora
----- stdout tail (backtest residue lora ctx1280) -----
Saved backtest results -> C:\Users\lhgdr\Desktop\Kitech\Cement\Cement_code_fin\eval\backtest_residue_ctx1280_lora.csv

=== residue backtest (C:\Users\lhgdr\Desktop\Kitech\Cement\Cement_code_fin\checkpoints\residue_ctx1280_lora\final) ===
n = 856  (fresh-reading transitions only: True)

--- Naive baseline (repeat last observed reading) ---
MAE=0.568  RMSE=1.046  R2=0.5778  spec-in/out accuracy=78.50%
            Pred IN  Pred OUT
Actual IN       316       100
Actual OUT       84       356

--- Chronos-2 ---
MAE=0.485  RMSE=0.804  R2=0.7506  spec-in/out accuracy=81.89%
            Pred IN  Pred OUT
Actual IN       354        62
Actual OUT       93       347

normalized skill score (per-station model_MAE / naive_MAE, macro-avg) = 0.8558  (beats naive)
macro-average MAE (equal per station) = 0.4849
80% interval (q0.1-q0.9) empirical coverage = 57.71% (target: 80%)
[2026-09-06 19:21:40] DONE  backtest residue lora ctx1280 (2.3 min)
[2026-09-06 19:21:40] SKIP  finetune residue full ctx1280 (checkpoint exists)
[2026-09-06 19:21:40] SKIP  backtest residue full ctx1280 (csv exists)
[2026-09-06 19:21:40] SKIP  backtest blaine zeroshot ctx1536 (csv exists)
[2026-09-06 19:21:40] START finetune blaine lora ctx1536
  cmd: C:\Users\lhgdr\Desktop\Kitech\Cement\Cement_code_fin\.venv\Scripts\python.exe train/finetune_chronos2.py --target blaine --finetune-mode lora --prediction-length 4 --context-length 1536 --learning-rate 1e-5 --num-steps 1000 --batch-size 64 --output-tag ctx1536_lora
----- stdout tail (finetune blaine lora ctx1536) -----
{'eval_loss': '0.004997', 'eval_runtime': '0.2343', 'eval_samples_per_second': '537.8', 'eval_steps_per_second': '8.536', 'epoch': '0.3'}
{'loss': '0.007679', 'grad_norm': '0.04903', 'learning_rate': '6.01e-06', 'epoch': '0.4'}
{'eval_loss': '0.003901', 'eval_runtime': '0.2407', 'eval_samples_per_second': '523.4', 'eval_steps_per_second': '8.309', 'epoch': '0.4'}
{'loss': '0.007122', 'grad_norm': '0.07136', 'learning_rate': '5.01e-06', 'epoch': '0.5'}
{'eval_loss': '0.003814', 'eval_runtime': '0.2355', 'eval_samples_per_second': '535', 'eval_steps_per_second': '8.492', 'epoch': '0.5'}
{'loss': '0.007909', 'grad_norm': '0.03725', 'learning_rate': '4.01e-06', 'epoch': '0.6'}
{'eval_loss': '0.004178', 'eval_runtime': '0.2353', 'eval_samples_per_second': '535.5', 'eval_steps_per_second': '8.5', 'epoch': '0.6'}
{'loss': '0.006865', 'grad_norm': '0.1704', 'learning_rate': '3.01e-06', 'epoch': '0.7'}
{'eval_loss': '0.004158', 'eval_runtime': '0.2391', 'eval_samples_per_second': '527.1', 'eval_steps_per_second': '8.366', 'epoch': '0.7'}
{'loss': '0.006658', 'grad_norm': '0.04199', 'learning_rate': '2.01e-06', 'epoch': '0.8'}
{'eval_loss': '0.004183', 'eval_runtime': '0.2352', 'eval_samples_per_second': '535.7', 'eval_steps_per_second': '8.503', 'epoch': '0.8'}
{'loss': '0.006564', 'grad_norm': '0.03607', 'learning_rate': '1.01e-06', 'epoch': '0.9'}
{'eval_loss': '0.004077', 'eval_runtime': '0.237', 'eval_samples_per_second': '531.7', 'eval_steps_per_second': '8.44', 'epoch': '0.9'}
{'loss': '0.007416', 'grad_norm': '0.08259', 'learning_rate': '1e-08', 'epoch': '1'}
{'eval_loss': '0.00405', 'eval_runtime': '0.2351', 'eval_samples_per_second': '535.9', 'eval_steps_per_second': '8.506', 'epoch': '1'}
{'train_runtime': '432.1', 'train_samples_per_second': '148.1', 'train_steps_per_second': '2.314', 'train_loss': '0.007064', 'epoch': '1'}
Saved fine-tuned blaine quality net -> C:\Users\lhgdr\Desktop\Kitech\Cement\Cement_code_fin\checkpoints\blaine_ctx1536_lora\final
Saved loss history (10 val points) -> C:\Users\lhgdr\Desktop\Kitech\Cement\Cement_code_fin\checkpoints\blaine_ctx1536_lora\loss_history.csv
  val_loss: min=0.00381 (step 500), final=0.00405 (step 1000), final-min=+0.00024 <-- val loss rose from its min: overfitting
Saved loss curve -> C:\Users\lhgdr\Desktop\Kitech\Cement\Cement_code_fin\checkpoints\blaine_ctx1536_lora\loss_history.png
[2026-09-06 19:29:01] DONE  finetune blaine lora ctx1536 (7.3 min)
[2026-09-06 19:29:01] START backtest blaine lora ctx1536
  cmd: C:\Users\lhgdr\Desktop\Kitech\Cement\Cement_code_fin\.venv\Scripts\python.exe eval/backtest.py --target blaine --checkpoint C:\Users\lhgdr\Desktop\Kitech\Cement\Cement_code_fin\checkpoints\blaine_ctx1536_lora\final --context-length 1536 --stride 4 --tag ctx1536_lora
----- stdout tail (backtest blaine lora ctx1536) -----
Saved backtest results -> C:\Users\lhgdr\Desktop\Kitech\Cement\Cement_code_fin\eval\backtest_blaine_ctx1536_lora.csv

=== blaine backtest (C:\Users\lhgdr\Desktop\Kitech\Cement\Cement_code_fin\checkpoints\blaine_ctx1536_lora\final) ===
n = 852  (fresh-reading transitions only: True)

--- Naive baseline (repeat last observed reading) ---
MAE=83.763  RMSE=118.824  R2=0.1625  spec-in/out accuracy=67.02%
            Pred IN  Pred OUT
Actual IN       265       139
Actual OUT      142       306

--- Chronos-2 ---
MAE=69.495  RMSE=94.132  R2=0.4744  spec-in/out accuracy=70.42%
            Pred IN  Pred OUT
Actual IN       274       130
Actual OUT      122       326

normalized skill score (per-station model_MAE / naive_MAE, macro-avg) = 0.8307  (beats naive)
macro-average MAE (equal per station) = 69.4946
80% interval (q0.1-q0.9) empirical coverage = 64.08% (target: 80%)
[2026-09-06 19:31:42] DONE  backtest blaine lora ctx1536 (2.7 min)
[2026-09-06 19:31:42] SKIP  finetune blaine full ctx1536 (checkpoint exists)
[2026-09-06 19:31:42] SKIP  backtest blaine full ctx1536 (csv exists)
[2026-09-06 19:31:42] SKIP  backtest residue zeroshot ctx1536 (csv exists)
[2026-09-06 19:31:42] START finetune residue lora ctx1536
  cmd: C:\Users\lhgdr\Desktop\Kitech\Cement\Cement_code_fin\.venv\Scripts\python.exe train/finetune_chronos2.py --target residue --finetune-mode lora --prediction-length 4 --context-length 1536 --learning-rate 1e-5 --num-steps 1000 --batch-size 64 --output-tag ctx1536_lora
----- stdout tail (finetune residue lora ctx1536) -----
{'eval_loss': '0.007521', 'eval_runtime': '0.2371', 'eval_samples_per_second': '531.5', 'eval_steps_per_second': '8.436', 'epoch': '0.3'}
{'loss': '0.007085', 'grad_norm': '0.1107', 'learning_rate': '6.01e-06', 'epoch': '0.4'}
{'eval_loss': '0.007444', 'eval_runtime': '0.2356', 'eval_samples_per_second': '534.7', 'eval_steps_per_second': '8.488', 'epoch': '0.4'}
{'loss': '0.008647', 'grad_norm': '0.0605', 'learning_rate': '5.01e-06', 'epoch': '0.5'}
{'eval_loss': '0.007231', 'eval_runtime': '0.235', 'eval_samples_per_second': '536.1', 'eval_steps_per_second': '8.51', 'epoch': '0.5'}
{'loss': '0.007641', 'grad_norm': '0.09776', 'learning_rate': '4.01e-06', 'epoch': '0.6'}
{'eval_loss': '0.007177', 'eval_runtime': '0.2344', 'eval_samples_per_second': '537.4', 'eval_steps_per_second': '8.531', 'epoch': '0.6'}
{'loss': '0.007628', 'grad_norm': '0.2043', 'learning_rate': '3.01e-06', 'epoch': '0.7'}
{'eval_loss': '0.006941', 'eval_runtime': '0.2364', 'eval_samples_per_second': '533', 'eval_steps_per_second': '8.46', 'epoch': '0.7'}
{'loss': '0.006867', 'grad_norm': '0.1812', 'learning_rate': '2.01e-06', 'epoch': '0.8'}
{'eval_loss': '0.006852', 'eval_runtime': '0.2361', 'eval_samples_per_second': '533.6', 'eval_steps_per_second': '8.47', 'epoch': '0.8'}
{'loss': '0.006663', 'grad_norm': '0.06622', 'learning_rate': '1.01e-06', 'epoch': '0.9'}
{'eval_loss': '0.006841', 'eval_runtime': '0.2348', 'eval_samples_per_second': '536.7', 'eval_steps_per_second': '8.519', 'epoch': '0.9'}
{'loss': '0.007234', 'grad_norm': '0.07932', 'learning_rate': '1e-08', 'epoch': '1'}
{'eval_loss': '0.006814', 'eval_runtime': '0.2364', 'eval_samples_per_second': '533', 'eval_steps_per_second': '8.461', 'epoch': '1'}
{'train_runtime': '422.1', 'train_samples_per_second': '151.6', 'train_steps_per_second': '2.369', 'train_loss': '0.007665', 'epoch': '1'}
Saved fine-tuned residue quality net -> C:\Users\lhgdr\Desktop\Kitech\Cement\Cement_code_fin\checkpoints\residue_ctx1536_lora\final
Saved loss history (10 val points) -> C:\Users\lhgdr\Desktop\Kitech\Cement\Cement_code_fin\checkpoints\residue_ctx1536_lora\loss_history.csv
  val_loss: min=0.00681 (step 1000), final=0.00681 (step 1000), final-min=+0.00000
Saved loss curve -> C:\Users\lhgdr\Desktop\Kitech\Cement\Cement_code_fin\checkpoints\residue_ctx1536_lora\loss_history.png
[2026-09-06 19:38:53] DONE  finetune residue lora ctx1536 (7.2 min)
[2026-09-06 19:38:53] START backtest residue lora ctx1536
  cmd: C:\Users\lhgdr\Desktop\Kitech\Cement\Cement_code_fin\.venv\Scripts\python.exe eval/backtest.py --target residue --checkpoint C:\Users\lhgdr\Desktop\Kitech\Cement\Cement_code_fin\checkpoints\residue_ctx1536_lora\final --context-length 1536 --stride 4 --tag ctx1536_lora
----- stdout tail (backtest residue lora ctx1536) -----
Saved backtest results -> C:\Users\lhgdr\Desktop\Kitech\Cement\Cement_code_fin\eval\backtest_residue_ctx1536_lora.csv

=== residue backtest (C:\Users\lhgdr\Desktop\Kitech\Cement\Cement_code_fin\checkpoints\residue_ctx1536_lora\final) ===
n = 856  (fresh-reading transitions only: True)

--- Naive baseline (repeat last observed reading) ---
MAE=0.568  RMSE=1.046  R2=0.5778  spec-in/out accuracy=78.50%
            Pred IN  Pred OUT
Actual IN       316       100
Actual OUT       84       356

--- Chronos-2 ---
MAE=0.497  RMSE=0.815  R2=0.7435  spec-in/out accuracy=81.19%
            Pred IN  Pred OUT
Actual IN       350        66
Actual OUT       95       345

normalized skill score (per-station model_MAE / naive_MAE, macro-avg) = 0.8758  (beats naive)
macro-average MAE (equal per station) = 0.4968
80% interval (q0.1-q0.9) empirical coverage = 56.78% (target: 80%)
[2026-09-06 19:41:35] DONE  backtest residue lora ctx1536 (2.7 min)
[2026-09-06 19:41:35] SKIP  finetune residue full ctx1536 (checkpoint exists)
[2026-09-06 19:41:35] SKIP  backtest residue full ctx1536 (csv exists)
[2026-09-06 19:41:35] === ctx matrix complete ===
